content,heat,like,release_time,title
昨天刚过科目四，驾照到手了，很开心，于是给教练打了电话，请教练吃饭，去了一个很贵很贵的地方吃海鲜，没办法，开心嘛~好不容易挥霍一次，一顿下来有6千左右，看着教练吃的正起劲，我跟教练说我先去趟厕所，随后关机就走了~我能想象后面会发生什么！大仇已报，江湖上别见了~,12936°C,1029,2019-06-06,昨天刚过科目四
"和老公一起上班，路遇一大妈，老公热情地打了招呼，过后我问：“她谁？”,“我们食堂大妈！”,我调侃到：“看你打招呼那么热情，还以为你们财务的呢！”,“你现实一点行不？食堂大妈能给你多打点饭，财务靓妹能给你多发点钱么？”,我。。。",11667°C,263,2019-06-06,现实的男人
"老婆和附近几个婆娘经常一起买菜、打麻将……,今天我俩在外面溜达，她拿出手机给其中一个发语音：“看到你老公在买水果。”,我说：“真够三八的，别人买水果关你什么事。”,她说：“这叫投桃报李，平时她们看到你回家都是这样通知我的。”",13696°C,71,2019-05-17,老婆和附近几个婆娘经常一起买菜、打麻将……今天我俩在
今天与同事在药店，同事看人家妹子漂亮!就调戏妹子给他来盒，最大的套套!妹子拿来后，同事看了看后说:“不行!套 套太小，还要大的!”妹子感觉被调戏了，很生气的说:“对不起，先生!我们这不卖驴用的!!,11610°C,63,2019-05-16,最大的
周瑜的老婆叫小乔，小乔的姐姐叫大乔，大乔嫁给了孙策，孙策的妹妹叫孙尚香，孙尚香的老公叫刘备，刘备的儿子叫刘禅，刘禅的皇后叫张星彩，张星彩的母亲叫夏侯涓，夏侯涓是夏侯渊的女儿，夏侯渊的哥哥叫夏侯惇，那么请问周瑜应该管夏侯惇叫什么？,15299°C,159,2019-05-15,周瑜的老婆叫小乔
"下班较晚，食堂下班了，女同事约我去餐馆随便吃点，还特别说明AA制，我也就同意了。,席间她点了不少，分明是个大胃王，吃完后她擦擦嘴说：“买单吧？”,我诧异道：“不是说好的AA制吗？”,女同事笑道：“是呀，你是A，我是B。”",2817°C,59,2019-05-12,AA制
去妇科做检查，做B超时医生用一个长长的检查器插了进去，我忍不住的喊了出来，啊！好疼，这时医生生气的说：我又不用力疼什么疼～平时你们做的时候怎么不说疼!,2431°C,123,2019-05-09,妇科做检查
"昨天和老公出去玩，走在一条小路上，后面来了辆车狂按喇叭，然后，他突然放开我的手，他向左，我向右。,靠路边让道！,此时，我深深地体会到了“夫妻本是同林鸟，大难临头各自飞！”",2308°C,16,2019-05-07,夫妻本是同林鸟，大难临头各自飞！
我就不懂了，一个教人做饭的app，还要用地理位置，我就想问你们要干啥，难道我做的不好还要派人来打我吗？,2056°C,542,2019-05-02,app
"晚上去剪头，到街上找了家美发店，进去后一看，里面除了一张沙发什么都没有，好奇的我就问老板娘：你连发剪吹风都没有，你凭什么做生意啊？,老板娘：凭感觉……",2062°C,34,2019-04-30,你凭什么做生意啊
我刚看完复联四到家，然后呢，突发奇想，自认为自己可以夜视，也没伸手摸墙壁，直接摸黑在屋里走，接着就只听见guang的一声，我整个脸直接撞墙上了，鼻子直接出血了[流鼻血],1740°C,19,2019-04-30,刚看完复联四到家
"媳妇家农村的，最近想弄点盆栽。,找了好些土回来，还有一些圆圆的疙瘩。,她让我把那些圆圆的疙瘩揉碎用来拌土，说拌好的土质会很适合盆栽的生长。,果然，种好后盆栽很肥沃。,我问媳妇那疙瘩是什么东西，媳妇答“那是马粪！”,呃……那你让我用手揉？",1821°C,13,2019-04-29,盆栽很肥沃
"我有一哥们知识面特别宽，什么都难不倒他，我问他怎么能知道那么多？,他得意地说:我在大学里啥也没干，没事就去图书馆看书，所以懂得多了点。,我啧啧啧地羡慕:你真牛！,他无奈地摇摇头说:特么要能谈个恋爱，谁特么还这么干！……",1545°C,16,2019-04-29,图书馆看书
"最穷的时候：,别人吃火锅，我吃火锅底料；,别人喝酸奶，我舔酸奶盖儿；,别人吃西瓜，我吃西瓜皮；,别人吹空调，我吹空调外‍‍‍‍机……",1477°C,22,2019-04-26,最穷的时候
"我们隔壁有一个80多岁的大爷，昨天在小区树下发现一条黑色的蛇，都冻僵了！,他就把蛇揣到怀里面，想给它一点温暖。今天一大早他就在树上挂了个牌子:“不准随地大小便！”",1817°C,111,2019-04-25,一条黑色的蛇
"几个月前，女朋友跑了。,几个月后，她回来了，怀着孕，流着泪说他不要她了，叫我陪她打掉孩子。,我说生下来吧，我养。,几个月后，孩子生下来了，我跑了！",1793°C,123,2019-04-24,我说生下来吧，我养。
"睡觉玩手机，有只小虫子一直在屏上飞。,按了半天都没按死，这时候老婆说：“你玩啥呢，给我下一个。”,我接过她的手机，把我的屏幕关掉，小虫子被顺利的吸引到她的手机屏上。,我递给她说：“就一条命啊，省着点玩。”",1494°C,45,2019-04-23,就一条命啊，省着点玩。
"周末早晨老公懒懒地躺床上说：要是来个小妞服务一下就好了。,我：可以啊，我就可以，还免费的呢！,老公：我想要收费的！,我：你可以给钱！………",1515°C,17,2019-04-21,要是来个小妞服务一下就好了
"老婆对老公大怒：“你这个没有良心的，你给我爸罐酒，我爸酒后驾车，结果被吊销了驾照。”,老公：“这不是好事吗？”,老婆：“好事？”,老公：“他不能再开车了，车归咱们了。”",1504°C,30,2019-04-21,酒后驾车
"刚才去银行取钱，我满怀信心的输入了密码，等我输入取款数字之后机器提示我余额不足，我长长的叹了一口气。,我身后的姑娘问我，没钱了吗？,我说是的没钱了。,我身后排的长长队伍就自动散了。",1599°C,63,2019-04-20,是的没钱了
"同事：你给我介绍个对象呗！,我：想找啥样的？,同事：要求不高，就吴彦祖那样的就行！,我：不好找，你看彭于晏那样的行不？,同事激动的说：你没逗我吧？,我：是你先逗我的。",1615°C,52,2019-04-19,你给我介绍个对象呗
"摩托车发动机有点漏机油，拿去修理店看看。,老板一乐说，“小问题！换个发动机就好了！” ,呃……,师傅你好好给我看看，我这可不是奔驰！你是不是想看我坐上面哭？",1479°C,24,2019-04-18,换个发动机就好了
鲁迅说 杀一人为罪，屠万人为王，杀得万万人，方为王中王，王中王火腿肠，一节更比六节强，300年九芝堂，治肾亏不含糖，果冻我选喜之郎。。。。,2854°C,114,2019-04-18,王中王
"农夫在雪地里看见一条冻僵的蛇,他把蛇放进怀里。,到家后蛇还未醒,农夫就将其放入一个精致小罐,为了蛇醒后不致挨饿并早日康复,他还往里加了些许人参、枸杞等滋补品。,蛇仍未醒,为了加快其苏醒速度,他又加入了半坛二锅头,并盖严防风防寒……",1543°C,22,2019-04-18,一条冻僵的蛇
"一个乞丐上门行乞，我老婆见他可怜，给了他十块钱，又热情地端了一碗刚做好的饭菜给他吃。,乞丐感动地接过了饭碗，狼吞虎咽地扒了两口，泪水忍不住流了下来：“谢谢你，大姐，遇见你以后才知道，原来我不是这个世界上最苦命的人，你老公才是。”",1675°C,44,2019-04-17,世界上最苦命的人
大家别再黑奔驰了，前段时间大雪封路，我抄近道迷失在荒野中，不知道自己身在何处，最后救援队顺着油渍找到了我 ，救了我一命！,1793°C,89,2019-04-16,大家别再黑奔驰
"临床课上男老师问：“哪个器官激动时会变大6-7倍?” ,他点了个女生回答，该女生红着脸说：“我拒绝回答！” ,老师又点一男生回答，男生答：“瞳孔” ,老师：“正确！”,然后对那女生说：有三句话提醒你：,一是你没有预习；,二是你又在胡思乱想；,三是你婚后会非常失望!",1430°C,233,2019-04-16,瞳孔
"老板上班的时候开来了一辆兰博基尼，我说，卧槽，这车真牛逼！,老板回答说，只要你努力工作，并且全身心投入，全力以赴，力求卓越，那么明年我还会再有一辆。。。 ​",1565°C,42,2019-04-15,这车真牛逼
"老公做菜特别好吃，我为了炫耀经常约着闺蜜去尝老公的手艺…,今天老公炖鸡吃，我打电话给闺蜜：晚上来我家，吃我老公的鸡吧！…,闺蜜沉默半晌才小声的说：我，我，我老公不在的时候再说吧…",1409°C,108,2019-04-15,老公做菜特别好吃
"闺蜜是幼师，一个孩子的爸爸手机落在小孩书包里，课堂上铃声响起来了，闺蜜拿过来接听：喂，您好，我。。。。。,那边孩子的妈妈打断大骂：你偷了我老公手机？不对，我老公跟你在一起？,闺蜜委屈，正要再开口解释，小孩子凑近叫了一声“妈妈”。,电话那头疯了，孩子她妈哭着大喊：我求求你，手机我不要了，噢不！老公我也不要了，你把孩子还给我好吗？",1375°C,24,2019-04-14,我老公跟你在一起
"一女有三个相好的，一个姓高，一个姓李，一个姓陈。,数月后此女生下一子，她却不知是谁之子，正犯愁孩子姓名之事，一高人给孩子起名叫：郭春海。,女闻，大喜特喜。",3044°C,118,2019-04-13,郭春海
"一单身女子搬了家，晚上突然停电，她刚要点蜡烛，门被敲响了，原来是隔壁的小孩，他说大姐姐你家有蜡烛吗？,她想第一天就借蜡烛，以后还不没完没了，所以就说没有，小孩说我就知道你没有，妈妈叫我给你送蜡烛，她心里很惭愧，小孩走后，她点燃了那根带迷药的蜡烛，第二天被卖到山区给人当媳妇，隔天她感叹，终于脱单了。",1406°C,27,2019-04-13,终于脱单了
"某丈夫深夜两点醉醺醺的回家，老婆面色阴沉十分难看，把丈夫扶到床上，正要帮他脱去外套，机智的男人怕明天被老婆骂，一把推开老婆吼道：“滚开！我可是有老婆的人！”,女人一怔，眼眶湿了，老王在床下也感动的哭出了声。",1414°C,42,2019-04-12,滚开！我可是有老婆的人！
"几十年前，年轻人在广场上跳交谊舞，不顾老年人的感受；,几十年后，老年人在广场上跳广场舞，不顾年轻人的感受；,几十年前，年轻的红未冰打砸抢烧，祸害了一帮老年人；,几十年后，一些老年人碰瓷，讹人，自己摔倒就坑人，祸害了一帮年轻人。,仔细想想，不是老年人变坏了，而是当年的那群人变老了！",1318°C,32,2019-04-12,当年的那群人变老了
"老太太临死前，拉着老伴的手忏悔：“老头子，我跟你讲实话吧，我们那三个儿子，都不是你的。”,老头子听罢宽慰老伴说：“没事，虽然三个儿子不是我的，但三个孙子肯定是我的。”",1325°C,51,2019-04-11,那三个儿子，都不是你的
"从古到今婆媳总是不和？,原因有三 : ,一是婆婆花4-5年时间教会儿子如何穿裤子，可媳妇却用不了5秒钟就能叫儿子脱裤子；,二是婆婆用乳房哺乳儿子生命，可媳妇用没奶的乳房欺骗儿子一生；,三是儿子累了一天，妈妈会看着儿子入睡，可媳妇晚上还让儿子做俯卧撑...",1265°C,24,2019-04-11,从古到今婆媳总是不和
"今早，被一个奇怪的梦惊醒，睁开眼时发现老公皱着眉头可怜巴巴地望着我，看来老公挺心疼我的，于是我对老公说：“老公刚才我做一个奇怪的梦，”,老公：“什么奇怪的梦？”,“我梦到我在拔萝卜，怎么也拔不起来，突然那萝卜就变大了，吓死我了！”,老公：“你才吓死我了，幸好你没有把萝卜拔起来！”",1169°C,54,2019-04-10,突然那萝卜就变大了
我们分手之后，我借了她100块钱，每次想爱爱的时候，我就给她打电话：今天过来，我把钱还你，吃完饭，开房走的时候我绝口不提100块的事，她很有默契也没提过。,1237°C,27,2019-04-10,我借了她100块钱
"骑车去取钱，到银行发现没带锁，刚好银行门口停了辆运钞车，押运员站在那我就过去说：不好意思，我去取点钱很快就出来，麻烦你帮我看一下车子。,等我出来的时候押运员对我说：记住今天吧，有人拿枪为你守护自行车。",1195°C,31,2019-04-09,麻烦你帮我看一下车子
公车上，一个女扒手摸进我裤兜，她准备抽出去的时候，我压住了她手……半小时后，她报警了。,1184°C,33,2019-04-08,公交车
"儿子：“爸 ，这次我有一半科目没及格，” ,父亲：“没关系，继续努力就可以！” ,两个月后，儿子：“爸 ，这次我有一半科目及格了，” ,父亲：“不错，有进步，继续努力！” ,四个月后，儿子：“爸，这次我只差一半科目就全部及格了，” ,父亲：“干的漂亮，儿子！我早说过我儿子是最棒的。”",1247°C,18,2019-04-08,一半科目没及格
"堂姐很早就嫁到了一个很远的城市很少回来，有一次她因为一些事情回来，顺便到我家看看。,由于媳妇出差，我不会做饭。,就带着她顺便到学校接上儿子到外面吃饭，由于我家离机场很近，她第二天就要回去所以我就留她在我家住下了。,谁知道媳妇出差提前回来了，儿子就跑到他身边说：妈妈你走的的第二天咱家来了一个没见过的阿姨，爸爸非让我管她叫姑姑，她还住在了咱们家。,老婆你听我解释…",1286°C,7,2019-04-08,老婆你听我解释
"一男的问医生：“为什么我都吃避孕药了我女朋友还是怀孕了？”,医生一脸惊讶的看着他：“可能是别的男人没有吃吧......”",1273°C,25,2019-04-07,为什么我都吃避孕药了我女朋友还是怀孕了
"某大龄丑女一直找不到男友，好不容易某天约个网友见面，不一会儿丑女泪奔而归，室友问她怎样了，她说：“他就说了句‘我配不上你’就走了。”,室友安慰说：“这也没什么啊，人家很委婉了，别太伤心。”,丑女大哭：“委婉个屁，他那句话中间还带标点的！ ”",1377°C,20,2019-04-07,我配不上你
"男人开车：男人在车上与女人生气时深踩油门,女人开车：女人在车上与男人生气时踩刹车,男人开车：违章被逮与警察吵,女人开车：违章被逮与老公吵,男人开车：黄灯亮了还要踩油门,女人开车：绿灯还有1秒就踩刹车,男人开车：等红灯，跟着倒计时,女人开车：等红灯，对着化妆镜描一描,男人开车：哪儿安全哪儿停,女人开车：哪儿方便哪儿停,男人开车： 车脏了就洗，油少了就加满，汽车如老婆兄弟,女人开车： 车脏了不管，油没了不知道，汽车就是一工具,男人开车： 车里的工具少不了，各种各样的油呀水呀一定要备齐,女人开车： 车内的装饰缺不得，千姿百态的熊呀狗呀一定要多点,男人开车： 只要车好，黑白灰蓝我不在乎,女人开车： 最好漂亮，能跑多快我不在乎,男人开车： 车子出了毛病，先停下来，别再搞出点什么事情来,女人开车： 车子有了情况，先开回家，交给老公后一身的轻松,车子没油了,男人：找到最近的加油站,女人：打电话给老公，老公怎么办呀？！,和人剐蹭了,男人：哥们儿，聊聊吧,女人：打电话给老公，老公怎么办呀？！,爆胎了,男人：自己换备胎,女人：打电话给老公，老公怎么办呀？！",1149°C,13,2019-04-06,男人与女人开车的区别
"兄弟对女朋友特别好，我从朋友的角度提醒他：你不能这么惯着她！,谁知道他说：我就是故意把她惯的娇气，让她以后的男朋友受不了，受罪的还是她！,卧槽，太深谋远虑、高瞻远睹，在下不才佩服，默默地放弃了对他女朋友的念头。",1152°C,32,2019-04-06,你不能这么惯着她
"员工：老板，清明节我要请假两天回去扫墓。,老板：扫墓记得带口罩和墨镜。,员工：谢谢老板关心！那几天不会太晒。,老板：业绩那么差，还有脸回去见祖宗，佩服，佩服。",1210°C,23,2019-04-05,老板，清明节我要请假两天回去扫墓
"谁说东北人喜欢打架的？根本就没有的事！,前两天我坐地铁，一个操着东北口音的人踩到我脚了。,“操！”当时我就怒了：“你瞎呀！你是不是想打架啊？”,他屁都不敢放一个，还吓的四肢发抖，连拐杖都拿不稳了。",1266°C,12,2019-04-05,你是不是想打架啊
朋友经常出差，有次坐车前怕睡着，就用矿泉水瓶灌了茶水带着，汽车行驶过程中突然刹车，他那瓶茶水就飞了出去，滚在了过道，很多人都在看这瓶子，因为内部液体发黄还有泡沫，朋友无比尴尬，不想让人误会，就拿起来喝了几口，留下旁人惊恐的眼神～,1092°C,17,2019-04-05,矿泉水瓶灌了茶水
"在食堂吃饭，一男的跟一女的吵起来了，原来是一对小情侣，那女的吃不完怕浪费要男的吃完，男的不干，然后吵起来了。,当大家都赞男的好样的时候，这时候女的说话了，“嫌我脏？有口水么？怎么昨晚吃了那么多口水没说不干净呢？”,全安静了！,没错！,全安静了！",1013°C,13,2019-04-05,怎么昨晚吃了那么多口水没说不干净呢
"一日搭公交车，前面坐着一对高中生情侣，两人在讨论出轨小三的事。,女的说到：你要是敢背叛我出轨，我就把你给阉了，然后分手。,男的说：哼，你要是敢把我阉了，以后我就去做变性手术，然后睡了你老公，睡你老公。",1267°C,14,2019-04-05,一对高中生情侣
"他奶奶的。,是哪个傻逼说平安夜有很多女的以吃苹果的名义结果吃了香蕉的，害我进了300斤香蕉的货，现在一斤都没卖出去。,又是哪个傻比说平安夜女孩喜欢喝豆浆，我鲜榨了200斤豆浆，一瓶都没卖出去。",907°C,20,2019-04-05,都没卖出去
"兄弟处了一个女朋友，皮肤很黑。,我对他说：“原来你喜欢黑的啊。”,他回答道：“呵呵，也不是那么黑。”,我还想继续取笑他，突然明白了什么，一时竟说不出话来。",1173°C,15,2019-03-31,原来你喜欢黑的啊
"女朋友多年来一直做着魔术师助手，想必也学到了些本事，一天我回家看到女朋友在卧室床边大喊一声＂下面就是见证奇迹的时刻！＂,说着把被子掀了起来，我看到我的哥们赤身裸体的出现在了床上，一脸茫然。,想必他还不知道发生了什么事情呢吧哈哈哈哈。",1338°C,38,2019-03-31,下面就是见证奇迹的时刻
"酒桌上，领导醉意微微，拿起酒杯，说：,20多岁的男人，就像啤酒，生活节奏快！,30多岁的男人，就像红酒，生活讲究品位！,40多岁的男人，像我，就像白酒，而且还是陈酿，一滴就能把你醉倒！,美女小王也有点醉意，说了一句让人浮想联翩的话：你这岁数，能滴出一滴就不错了！",1294°C,7,2019-03-30,一滴就能把你醉倒
"妻：你那个新来的秘书挺漂亮的嘛！,夫：是啊！,妻：审美观怎么样,夫：挺好的。,妻：人还体贴吧？,夫：也行！,妻：工作热情高不高？,夫：凑合吧！,妻：穿衣服怎么样？,夫：挺快的…",1121°C,21,2019-03-30,你那个新来的秘书挺漂亮的嘛
"男生刚到女友家，便迫不及待的要亲吻女友！,女友说：“不行，我大姨妈来了！！”,男生感到很奇怪：“亲嘴和大姨妈有什么关系？”,于是男生强吻女友，突然一妇女从厨房冲出来！,妇女指着男生骂道：“为什么欺负我的外甥女？！",1579°C,18,2019-03-29,我大姨妈来了
"今天小姨子开车载我去某地，因小姨子不知道怎么走，我坐副驾驶座上，上车没多久，老婆来电话，我和老婆如实汇报行程计划。,结果因为安全带没扣上车一直滴滴的警报。,小姨子大声的说：姐夫，你能不能套上啊，这样才安全，快点啊！,我惊恐的望着小姨子，尼玛我跳太平洋也洗不干净了……",1441°C,24,2019-03-29,姐夫，你能不能套上啊，这样才安全，快点啊
"住一宾馆隔音效果比较差，正准备睡觉时，听见隔壁传来一女子声音：“亲爱的，拔出来，别插着睡..”,男声：“没事，以前不经常这样吗？”,正当我脸都憋红了的时候，女子说：“拔出来吧，手机冲一晚上电，电池会坏的..”",2030°C,26,2019-03-28,亲爱的，拔出来，别插着睡
"新婚第一夜，新娘换上性感的睡袍并对新郎说：“今晚你可以为所欲为了。”,新郎高兴的抱起新娘放在床上，掏出手机。,新娘以为他是想用手机APP找找附近的药店，准备大战三百回合了。,脸上不免泛起了红晕，心也跳的更快了。,“喂，今晚老规矩，电信Dota专区，我打野。”,大步流星，只留下一个背影!",1291°C,14,2019-03-28,今晚你可以为所欲为了
"单位新来一小姑娘，各方面都不错，我就怂恿一剩男哥们去追她，哥们来了句：兔子不吃窝边草。,我一听就嫌他臭毛病不少，小姑娘多好多好你还嫌弃。,哥们深吸一口烟：其实她是兔子、我是草……",1243°C,24,2019-03-27,兔子不吃窝边草
"当年备战高考，晚上挑灯夜战。,父亲走进我的房间说：注意劳逸结合，特别要保护好视力，千万别近视了！免得以后做泥瓦匠的时候看不到吊线，砖墙砌得不标准，老板要扣钱的！毕竟依你的成绩，上大学是不太现实的。,呃……",1236°C,23,2019-03-27,保护好视力
"八戒带着沙僧连夜潜入广寒宫，分别在窗上戳了两个小洞扒在兴致勃勃的看嫦娥洗澡！,……一会儿，沙僧恋恋不舍的小声说道：师兄，她马上洗好了，我们早点走吧！,八戒转头道：等等，我们在这俩小洞上再戳一个小洞！,沙僧轻声劝道：师兄是准备嫁祸杨戬吧？",1153°C,56,2019-03-27,八戒带着沙僧连夜潜入广寒宫
"俩人搞对象三年了，约好山上练骑马。,男的想浪漫一下，就骑着马来到了悬崖边。,回头对心爱的女人说：“我最后问你一句，你到底能不能嫁给我，如果你不嫁给我，我活着也没什么意思，就从这个山崖跳下去”。,…………,女人被感动了！,对着男人大喊一声 “嫁”。,马嗷的一声从山崖冲了下去…………,享年25岁。",1019°C,39,2019-03-27,嫁
"大学时候流行喊楼，一哥们带着一帮兄弟在女生楼下高声大喊对女神表白。,久站半个小时，女神仍没有反应，终于同寝室的妹子坐不住了，下楼去告诉他事实：“你的女神跟新交的男友出去开房了！”",1111°C,27,2019-03-26,大学时候流行喊楼
"单位一哥们头发很糙，又粗又卷，刚才我说他头发像猪鬃。,他不服气，扯下一根回头问后面女同事：“你看这是啥？”,那女同事顿时脸红了————“流氓！”",1047°C,19,2019-03-26,你看这是啥
"今天收到一条前女友的短信，内容其实很简单，老婆感觉不对问这丫是谁，我说：“FB…” ,“啥？” ,“就是前女友…” ,媳妇儿赶紧追问，“为啥叫FB”。,我很牛逼的拽了拽自己的洋文说“初恋 first blood”。,媳妇儿静默两秒，突然上来两大嘴巴子，“操，那老娘不成SB了！…",1132°C,24,2019-03-25,FB
"一次打篮球把膝盖蹭破了皮，过了几日就结痂了。。。,一日浴室洗澡，搓澡的大叔看到了膝盖上的伤，语重心长地说：小伙子要多换换姿势啊。。。",1085°C,12,2019-03-25,小伙子要多换换姿势啊
"朋友抱怨总是便秘，我拿起一根香蕉向他建议：“通通肠胃吧。”,过一会他回来了，我问他效果如何，他皱皱眉摇头道：“感觉没啥用啊。”,说完把香蕉还给了我。",996°C,14,2019-03-25,通通肠胃吧
"今天我就问老婆：挨～我说老婆，你长那么漂亮为什么会选择嫁给我。,老婆说：你记得三年前，你给了一个糟老头子十块钱么？那糟老头子拿着那十块钱去彩票店买了张彩票，中了一等奖。他先去了泰国再去了韩国，最后回来找到了你。",1183°C,26,2019-03-24,你长那么漂亮为什么会选择嫁给我
"局长上班刚进办公室，局办主任的老婆便闯了进来，挥着一条女式花短裤嚷道：我老公昨晚回家竟然穿了别的女人的短裤，局长一定要管！,局长连连安抚：一定严加管理！顺手把短裤塞到口袋里。,工作一忙给忘了，晚上回到家，老婆洗衣服时，从口袋里发现了花短裤，就埋怨说：以后不能开这种玩笑了，害得人家找了一整天！,局长立即晕倒。",1133°C,21,2019-03-24,局长一定要管
"今天打摩的，我坐在中间，女朋友坐在我后面。,路上颠簸，女朋友的胸不断的蹭到我后背，不知不觉我就有了反应，这时摩的大哥回头幽幽的说：哥们，几个意思啊？",1388°C,108,2019-03-24,哥们，几个意思啊？
"女子问禅师：“生活不如意，身边的人和事难以忍受，无法融入社会。” ,禅师拿出一个小杯子让女子朝里面倒水，很快水就满了。,禅师又拿出一个大杯子。,这次水倒完了，杯子也没满。,女子若有所思的点点头：“您是说，只有胸怀宽广，才能包容一切？”,禅师摇摇头：“我是说，女人，关键要杯大。”",1093°C,13,2019-03-24,生活不如意，身边的人和事难以忍受，无法融入社会。
"昨晚我也去电影院看了《比悲伤更悲伤的故事》，,走出电影院我才哭的，,哭的很大声，,因为我的电动车不见了。",1464°C,16,2019-03-23,比悲伤更悲伤的故事
"“兄弟，我已经很小心做足安全措施，但很奇怪女朋友还是怀上了，我想借点钱。。。” ,“5000够吗？”,“够了，兄弟就是兄弟” ,“不客气，这是我应该做的。。。”",753°C,10,2019-03-23,兄弟就是兄弟
"有个同学A，喜欢一个姑娘C，但一直不敢去追求，他有两个哥们儿，就帮他出主意，商量好了来一出英雄救美。,在一个凄惨的黄昏，两个哥们儿做流氓打扮，拦住放学回家C，一脸不正经地说：“小妞，来，咱们去玩玩!”,C：“好啊!”,同学A扒着墙角，看着三人远去的背影，泪流满面。",1024°C,20,2019-03-23,好啊
"甄妮小时候家里很穷。,那是在上世纪六十年代初，甄妮上小学，当时台湾刚开始流行一种类似于现在匡威的帆布鞋。,班里的同学基本都是穿平头小皮鞋或者帆布鞋，甄妮很羡慕其他同学都能有漂亮的鞋子穿，可是家庭条件有限，甄妮只能每天穿着妈妈编出来的草鞋去学校。,虽然羡慕别的同学，但甄妮能够理解妈妈供自己读书的不容易，从来没有抱怨过。,但一个孩子小小的心思怎么能瞒过妈妈呢，甄妮的妈妈看在眼里疼在心里，虽然买不起鞋子，但经常变着戏法似的编织出各种各样漂亮的草鞋给甄妮。,有一次县里领导来学校视察，看到甄妮穿的草鞋，领导便瞬时明白这是一个穷苦人家的孩子，于是故意大声对旁边陪同的校长说：“这位穿的草鞋很好看嘛，不知是谁编的？这种民间的编织文化值得推广，可以开一开编织课提高同学们的动手能力嘛”。,校长一听领导如此说，便讨好道：“甄妮妈会编，还可以带着大家编。”",1343°C,17,2019-03-22,甄妮妈会编
"昨天在洗脚城，叫了两个公主，没想到居然是我的初中女神。,她看到我就破口大骂“还好当初和你分手了，没想到你竟然出来找小姐，你真贱”,我……",1077°C,26,2019-03-22,初中女神
"久仰已久的女神今天突然问我了~ ,女神：你喜欢裸睡吗？ ,我：喜欢，一丝不挂的那种！ ,女神：那你多久换一次被单？,我：半个月吧？ ,女神：那你身体不行，拜拜！ ,我……",1111°C,12,2019-03-22,多久换一次被单
"一男子走进保健品店“帮我拿一盒安全套，要黑色的。”,店员看了看他说：“先生，彩色的不是更有情趣吗？”,男子叹息了一声“哎，领导去世了，我去安慰嫂子，黑色的显得庄重”。",1143°C,26,2019-03-22,帮我拿一盒安全套，要黑色的
"邻居家小朋友刚幼儿园放学，就听到他爸妈劈了啪啦揍了起来，我过去问问怎么回事……,说：这熊孩子，幼儿园老师说，现在整个班女生都围着他转，他把女生的东西都藏起来，然后装半仙看手相面相找出东西……",1009°C,16,2019-03-22,整个班女生都围着他转
"一对结婚四十年的老夫妻在谈话。,妻子埋怨说：“你没有以前对我好了，以前你总是紧挨着我坐。”,丈夫答：“这好办。”随即便移坐到她的身旁。,“可过去你总是紧搂着我。”,“这样好吗?”他搂住了妻子的脖子。,“你还记得以前怎样吻我的脖颈，咬我的耳朵吗?”,他忙跳起身，走出房门。,妻子忙问：“你去哪儿?”,丈夫答：“我得去取我的假牙。”",1452°C,14,2019-03-22,老夫妻
"邻居小两口一大早就吵架，乱七八糟的骂了好久，女的忽然大嚷:“你翅膀硬了是吧!”,男的大声回:“我硬的不是翅膀!”,忽然就静了下来，然后传来关窗户拉窗帘的声音，气氛一下子变了。",1255°C,17,2019-03-22,你翅膀硬了是吧
"上联：小时候床是湿的，发育了床是湿的，结婚了床是湿的，到老了床还是湿的。,下联：小时候是憋不住，发育后是憋不住，结婚后是憋不住，到老了还是憋不住。,横批：湿终如一。",1018°C,16,2019-03-21,湿终如一
"一富翁得了癌症，医生说他最多能活3个月。,富翁很难过，问医生是否有好的治疗办法。,医生沉吟了一会儿：“把你的奔驰卖了，买一辆旧自行车；和你老婆离婚，找个女酒鬼结婚；把你市中心的房子卖了，到郊区买一套破房子。”,“那我就能多活几年啦?”富翁急切的问。,医生：“不能。你会有度日如年的感觉。“",1068°C,15,2019-03-21,最多能活三个月
"今天上街一小屁孩过来不割“大哥哥，借我点钱花花”,“小兔崽子，一边玩去！”,“好哇！你给我等着！！”,一把掀起前面女的长裙！,“二叔，这位阿姨的内裤是黑色的！！”,这位小姐你听我解释…",1007°C,14,2019-03-21,大哥哥，借我点钱花花
"我家里一直很穷，父母体弱多病，媳妇惨不忍睹。,后来我捡到了灯神，他可以实现我三个愿望。,我要的家里是富有的，父母是健康的，媳妇是美的。,我回家后发现破房变成了豪宅，父母很健康，,我兴冲冲的跑到卧室，尼玛...床上躺了个空调！",1001°C,23,2019-03-21,美的
"女友靠在二货男孩的肩上，娇滴滴地问：“我们在一起有一个多月了吧，你为什么还不向我发起进攻呢？”,男孩：“你真的要我向你发起进攻吗？”,女友的眼睛里射出了期待的目光：“真的！”,男孩：“好，我这就向你发起进攻。”,男孩说完，站起身，突然一个扫荡腿，把女友扫翻在地…",889°C,16,2019-03-21,你为什么还不向我发起进攻呢
"小时候经常被邻居阿姨调戏说：“长大后娶我家闺女好不好？”,那时候我还挺傲娇的说不好！～,长大后我厚着脸皮说：“阿姨，我小时候不懂事，再给我次机会好不好？”,阿姨一脸嫌弃的说不好！........,我看着她家200斤的闺女陷入了沉思....",983°C,8,2019-03-21,再给我次机会好不好
"跟一帮单身同事去K歌，有男有女。,刚十点，有一MM起身欲走。,众人劝留，一哥们说：“家里有谁呀？这么早回去干嘛！”,MM狡黠一笑：“嘿嘿，我金屋藏娇。”,哥们又说：“你又不是男的，藏个什么娇？” ,另一哥们抢答：“香蕉！”",952°C,17,2019-03-21,金屋藏娇
"办公室有一清秀妹子，是众屌丝的女神。,大家有事儿没事儿喜欢和她开个玩笑逗个乐。。,今天周一，众屌丝集体围攻她，说到几个荤段子的时候，女神小脸微红，急了，大声说：我还是黄瓜大闺女呢。。。",1273°C,12,2019-03-21,黄瓜大闺女
"虹虹坐车时被不小心被夹断了中指，虹虹想要向有关部门索赔100万。,聘请律师，律师看了看资料，对她说：断了一节手指恐怕索赔不了这么多。”,虹虹气急道：那不止是一根手指头！那更是我的男朋友！我的丈夫！",887°C,11,2019-03-21,索赔100万
"晚上吃完饭，老公一把抱住我，扔在床上，然后快速的脱掉衣服……,我心里感觉好紧张…… ,老公脱掉衣服直接跳到床上搂住我说到:快点睡！谁后睡着谁刷碗！！！ ,我擦……尼玛……",943°C,11,2019-03-20,快点睡
"见你们天天说老王的坏话，骂老王我就很不爽。,我隔壁的大哥也姓王，是个教师，为人很好。,他只要一有空就来我家帮我孩子辅导学习，还经常给孩子买玩具和零食。,我跟老婆和孩子觉得王大哥都挺好的。",1305°C,209,2019-03-20,我跟老婆和孩子觉得王大哥都挺好的
"发现同事飞哥的皮鞋脏了，奇怪的问他怎么不像以往每天擦的贼亮贼亮的了？,飞哥遗憾的的：”夏天过去了，你们女的都不穿裙子了。“",1000°C,13,2019-03-20,你们女的都不穿裙子了
"一女孩指着报纸对男友说：“你看你看，捐精一次可以补助300元。” ,男友紧张的问道：“你想怎么样？” ,女友说：“如果你受得了的话，我想年内买套房。",896°C,13,2019-03-20,我想年内买套房
"出差一个月，刚回家，走到楼下卖菜的大娘就喊住我，让我把我媳妇赊账的50块钱黄瓜钱结一下。,真奇怪，难道这一个月我媳妇天天炒黄瓜吃？",5919°C,16,2019-03-20,50块钱黄瓜钱结一下
"上一回看弟弟的语文试卷，上面有一个鲜红的大叉叉。,我看了一下题目：“请解释一下六神无主的意思。”,弟弟的答案是：“这瓶花露水是谁的？”",1135°C,9,2019-03-20,请解释一下六神无主的意思
"公司新调来一经理，长的特像陈坤，今天第一天上班，我们一块上电梯，本着和领导套近乎，就想赞扬他一把。,我：哎呀经理，你长的太像那个明星了，叫叫叫什么来着（确实想不起来了），对了就是演画皮的那个？叫什么来？看我急的那样，他笑着说：陈坤。,我来了一句：对对对，就是那个SB！",951°C,21,2019-03-20,长的特像陈坤
"老婆和老公在床上看电视,老婆在床上吃零食。,老公:能不能别在床上吃东西?,老婆:好吧,我以后绝对不在床上吃东西了。,老公:老婆,我错了。,秒懂的举一下爪子。",1073°C,31,2019-03-19,能不能别在床上吃东西?
"一辆大巴在崎岖的山道上行驶着。,天渐暗，车上的男子从睡梦中醒来……,突然，他发现，车上的游客都不见了，就连司机也消失了，而车却沿着山路缓慢行驶着！,男子浑身一颤，大声喊道：“有鬼！有鬼啊！”,“有你个头”，突然车窗外传来声音，“车坏了，我们都在下面推，就你一个人睡觉。”",1006°C,27,2019-03-19,有鬼！有鬼啊！
"今天去医院体检要查大便，我看小护士挺漂亮，于是就想逗她一下。,跑医院门口买了一个烤红署，捏成泥放在盒里，护士说太多了，去处理一下，我说，不用麻烦了，说完用手拿着就吃，小护士连口罩都来不及摘，当场吐了三口。,这时旁边的人拍了拍我的肩膀：“兄弟啊，你拿错了，这盒才是你的！”",1027°C,12,2019-03-19,这盒才是你的
"前段时间，微信有个小姐姐加了我，我看了下距离，一百米！,上周五，我下班的时间，老婆要我买条鱼回去，说家里有客，我到家发现家里有个小姐姐，老婆说是隔壁刚搬来的邻居……,吃饭的时间，那小姐姐望着我笑……,然后她打开微信对老婆说:画画姐，你看，微信上撩我的这个大叔，和你老公好像……,我……",1092°C,10,2019-03-18,那小姐姐望着我笑
"我表姐的大学同学的高中同学是一美女.,一日美女的另一同学问美女：“你为啥长这么美呢？”,美女淡定地曰：“爸妈姿势摆的好。”,好吧，我羞涩了.",1042°C,10,2019-03-18,爸妈姿势摆的好
"小白说我先来出题：“为什么肯德基的香肠比麦当劳的香肠软?”,几个同事被问住了。,突然旁边的小萝莉说：“因为肯德基是爷爷，麦当劳是哥哥”",1222°C,14,2019-03-18,为什么肯德基的香肠比麦当劳的香肠软?
姐夫欠钱，姨子来要帐，姐夫很为难：“妹啊！我知道你挺紧的，不过你姐也挺紧的，我实在抽不出来，等日后松快了，我一定把你窟窿堵上！”,1022°C,13,2019-03-18,姐夫欠钱，姨子来要帐
"刚刚在公交车上，一个妹子绊了我一下，她没道歉，还对我翻白眼。,但我看她是个美女，于是问：“妹子，有男朋友了吗？”,她竟然害羞了，弱弱地说：“人家还是单身呢。”,我丝毫没有犹豫，紧紧抱住她，把她摔倒在地：“特么的，没有男朋友还敢这么狂？给我道歉！”",1042°C,16,2019-03-18,妹子，有男朋友了吗？
"高三，感冒了，零模考试没去。,今回学校，一妹子来问题，讲毕给她说，我还没补考呢，再问就给我漏题了。,妹子笑呵呵的说：“那我把下面都露给你呗”，全班安静，三秒后爆笑，妹子遂羞涩的低下了头。",929°C,9,2019-03-18,再问就给我漏题了
"大学时喜欢一男生，写封信托他哥们交给他，结果毫无音讯，有一次遇到他俩，我问那男生为什么不回我信，结果才知道原来他哥们把信给扔了，那男生很生气问哥们为什么要这样做，哥们说：“我得不到的人，别人也休想得到。”,我听到这话后很惊讶，很抱歉地对那哥们说：“原来你在喜欢我…”,“谁喜欢你啊！”",981°C,16,2019-03-18,原来你在喜欢我…
"一个胖胖的女孩，周末偷偷早起，想模仿电影里穿着男友的衬衣做一份可口的早餐。,可才到第一步就把衣服给撑破了，于是又悄悄把衣服叠好放回原位，不动声响地爬上床，抱着男友继续睡去。",904°C,8,2019-03-18,胖胖的女孩
"老公：老婆，我以后戒烟了！要是我再抽烟，抽一根你就不让我上床三天！,老婆：老公觉悟了，很好！,第二天，老婆回到家，老公抽了一包烟！,老婆上来给老公一巴掌！,老公：我实在没忍住！,老婆：你丫的不是没忍住，你丫的是戒我！",1177°C,7,2019-03-18,我以后戒烟了
"某小偷潜入公关公司欲行窃，他等啊等啊等，没想到始终有一大波人在加班。,过了半个月，小偷终于溜出来。,同伙问：“去哪儿了？”,小偷：“在公关公司待了半个月。”,同伙：“收获不错吧！”,小偷苦笑：“别提了，我现在都会做PPT了。”",985°C,8,2019-03-17,在公关公司待了半个月
"朋友在淘宝买了十只2.5两的大闸蟹，结果收到的1.5两都不到。,然后他从市场买了十二只5两，拍照发上去，说:卖家的大闸蟹又好又大，满膏满油，分量足，还多送了两只，五星好评，加文字。,没多久那家店就关闭了，因为其他买家都投诉自己买的远不如他的。,以上操作，搞的我一脸懵逼。",942°C,13,2019-03-17,没多久那家店就关闭了
"一男一女是网友，聊了很长时间，一天，男的忽然提起。,男：我俩见个面吧。,女：行，但是你要先回答我个问题。,男：你问吧。,女：你抬头挺胸向下看，看到了什么？,男：脚啊！,女：我俩不合适。",1253°C,11,2019-03-17,你抬头挺胸向下看，看到了什么？
"一位美女去医院，,医生问：“怎么了？”。 ,美女回：“喉咙痛”。,“是不是大姨妈来了？”,“嗯嗯”",1292°C,19,2019-03-17,喉咙痛
"甲：“我女朋友跑了，离我而去了，我好伤心，怎么办？我该怎么办？”,乙：“你特么活该，谁让你充氢气的！”",922°C,6,2019-03-17,我女朋友跑了
"一对新婚夫妇，新婚之夜，彼此都说是第一次。,亲热过后，男的在床边点了一根烟，女的就问：“为什么你们男的完了都喜欢吸烟？”,男的说：“习惯了！”,双方瞬间沈默不语......",887°C,17,2019-03-17,习惯了
"老师：“好了，让我们来统计一下独生子女，应该都是吧”,小明：“老师，我不是，”,老师：“哦那你有个什么？”,小明：“我有个弟弟”,老师：“哦，那他多大了？”,小明：“18厘米”,老师红着脸：“不要脸，下课滚到我办公室，我要好好教育你！”",1052°C,19,2019-03-16,我有个弟弟
"老师：同学们，卫夫子其实是个很有名的历史人物，她还生了个千金，有谁知道叫什么名字吗？,小明：老师，我知道，但是我可以不用滚出去吗？,老师：你说得对就不用滚出去。,小明：卫生巾。,老师：赶紧滚。",1111°C,14,2019-03-16,卫夫子其实是个很有名的历史人物
"6岁的大侄子带了个小朋友回家玩。,小朋友走后，嫂子问：“儿子，刚才那同学在班里第几名啊？”,侄子：“倒数第一名。”,嫂子很生气，逮住侄子一通数落：“让你不学好，我不是说过不要跟比你差的孩子玩吗？你要跟第一名玩！”,侄子眼泪汪汪哭着说：“我刚开始跟他玩的时候，他是第一名啊！”",1066°C,22,2019-03-16,第一名
"有个小女孩一直跟小男孩炫耀自己新玩具，男孩没办法，脱掉自己裤子说，你永远没有这个。,小女孩无奈，也脱掉裤子。,我妈说只要有这个，你那玩意要多少有多少。",1050°C,25,2019-03-16,你那玩意要多少有多少
"情人节，下班后买了束花去见女友。,我问女友想吃啥。,“吃川菜吧！”,我坏笑说到“今天是好日子，我们吃点清淡的吧。”,女友娇羞地点了点头。",1650°C,10,2019-03-16,今天是好日子，我们吃点清淡的吧。
"“老公，我怀孕了！”,“太好了我要当爹了。”,“你喜欢男孩还是女孩？”,“男孩女孩不重要，是我亲生的就行了。”,“当然是你亲生的了，别人都戴套了，就你没戴。”",965°C,11,2019-03-16,老公，我怀孕了！
"老公打来电话：“老婆，我已到深圳了，你晚饭吃了没？别吃辛辣油腻的啊，有没有一点点想我？”,老婆：“外面没有下雨，你有两条内裤晾在阳台上，两件花的一件黑的，电饭锅里有3个玉米棒子，2个熟的一个生的，家里还有哪些地方需要看一下的？”,老公：“哦，在家就好。”",851°C,12,2019-03-15,在家就好
"朋友是热血球迷，他儿子出生时正好赶上中国男篮挺进世锦赛八强。,他一高兴偏要给儿子起名叫“八强”，谁劝也不听。,最后他老爸给了他一耳光:“你特么是不是自己姓啥你都忘了？你姓王啊！”,朋友一琢磨，这才作罢。",1340°C,12,2019-03-14,八强
"一美女昨晚逛超市，买了水果走路回家。,突然碰到一个醉汉从后面紧紧抱住她，说：“姑娘，我要劫个色。”,美女吓了一跳，灵机一动，从水果袋里拿出一根香蕉放到裤裆里，说：“大哥，自己人，不信你摸摸。”,醉汉摸了一下，大骂你个死娘炮，然后就走了。",1057°C,9,2019-03-14,姑娘，我要劫个色。
"我对一个姐姐发牢骚说，我好无聊！,你能不能用一句话来形容一下我的悲苦？,姐姐想了一下道，“白天没球事，晚上球没事。”,我“……”",1217°C,7,2019-03-14,白天没球事，晚上球没事。
"儿子：妈妈，三是一的三倍，那肯定比一多，对吧？,我：嗯。,儿子：妈妈，二是一的两倍，那也比一多，对吧？,我：嗯。,儿子：一心一意的意思是很认真的在做一件事情，对吧？,我：嗯。,儿子：那三心二意就是比一心一意更多倍的认真在做一件事情，对吧？,我：嗯。嗯？嗯……",954°C,5,2019-03-14,那三心二意就是比一心一意更多倍的认真在做一件事情
"老公皮肤很白，我看着不爽说：“你一个男的比我白，还比我瘦，有什么意思啊？！”,我老公反驳，说：“你一个女的，没我白，没我瘦，我也不知道自己有什么意思！”,突然好想盘他！",922°C,7,2019-03-13,突然好想盘他
"年近35的张亮被他妈狠狠地揍了一顿，问其原因，原来是亲戚给他安排了一场相亲。,见面时女方对他印象不错,羞涩的对张亮说：“我不介意你没有房，没有车，没有存款，只要你对我好就行。”,结果这二货来了句：“你肚子里有赠品吗？”捂脸",1056°C,5,2019-03-13,我不介意你没有房，没有车，没有存款，只要你对我好就行。
"本人屌丝厨师一个，女友身材不错，长得一般，嫌我工资少离开了我。,几个月后又来找我，我们又在一起了。,然后我加倍的对她好，每天不管下班多晚都会给她做好吃的。,就这样坚持了半年吧，她已经200多斤了，我想我可以消失了。",921°C,23,2019-03-12,每天不管下班多晚都会给她做好吃的
"一天去网吧上网，到柜台，问网管:“咱们这一小时多少分钟？”,网管一愣:“六十。”,我当时就火了，扭头就走:“什么玩意这么贵！”",1549°C,13,2019-03-12,咱们这一小时多少分钟
"那年，我们系搞庆典活动。,我帮忙看顾现场。,旁边女生宿舍楼有个女生在晾衣服，内裤掉了下来。,我捡起来，脑一抽系在一个氢气球上，想让氢气球飞上去时，女生可以抓住。,风一吹，氢气球飞走了，飞到台上，被上面的灯架割爆...,我永远忘不了系主任在台上认真发言时，一条内裤掉他头上的情形……",1096°C,17,2019-03-12,内裤掉了下来
"昨晚跟麻麻讲电话，麻麻又开始念经了，让我今年要么带对象回家过年，要么跟对象回他家过年，不然后果自负！,我想了想，跟麻麻说:“那没辙了，我想人家动物园也不能同意啊！”",890°C,4,2019-03-11,对「象」
"室友的脚出奇的臭，,我听说白石灰除脚臭，,就悄悄的往室友鞋里面撒了一些。,还别说，,晚上老室友回来，,别说脚臭除了，,连脚皮都没了。",810°C,4,2019-03-11,白石灰除脚臭
"前几天感冒了，早晨在公司门口抽烟，看到同事老孙骑着电瓶车风风火火的闯了过来。,老孙过来第一句话就是：兄弟，感冒了啊？,我说：是啊，你怎么知道的？,老孙说：我看你只有一个鼻孔冒烟啊……",846°C,11,2019-03-11,兄弟，感冒了啊
"有一家公司：,五点半下班，六点半才有公司班车；,大家为了体面的坐大巴回家，都主动加班一小时；,八点钟是丰盛的工作餐，想想回家还得自己做饭，再加一小时吧；,十点钟后打车报销，累了一天谁还挤公交？再来俩小时！",842°C,12,2019-03-10,再来俩小时
"我：老公，我的胸小吗？,老公：还行啊，比别人的大多了！,我：几个意思啊，快说别人是谁？在哪看的？,老公：单位，集体男浴室我……",895°C,7,2019-03-10,老公，我的胸小吗？
"今天去买橘子。,我问老板：橘子怎么卖？,老板：10块钱4斤。,我：有点贵啊，20块钱10斤怎么样？,老板想了想：既然你这么有诚意，好吧！,我：老板，来半斤！,老板：滚.....",842°C,14,2019-03-10,橘子怎么卖
"大连襟生病住院，我两口和小连襟两口去看他，刚进病房，小连襟连打两个喷嚏。,小姨子马上羡慕的说：你们仨连襟，还是二姐夫身体最棒。,。。。。害得一病房的人都望着我。",863°C,7,2019-03-10,还是二姐夫身体最棒
"一个学生问他老师：老师，昨晚我见一盲人打着灯笼走路。他明明看不见，打灯笼有何用？,老师回答说：,如果他是怕别人看不清路，这是儒家。,如果他是怕别人撞到他，这是墨家。,如果他认为黑夜出门就必须打灯笼，这是法家。,如果他认为想打就打顺其自然，这是道家。,如果他借此开示众生，这是佛家。,如果他明明看得见却装瞎，这是政治家。,如果他是真瞎，却打着灯笼给人引路，这肯定是中国的专家！",1482°C,23,2019-03-10,一盲人打着灯笼走路
"老师：整个年级就你们最吵。,学生：废话，其他班都放学了。,老师：……",1093°C,14,2019-03-08,整个年级就你们最吵
"开学后，老师问小明：“你假期作业呢？”,小明：“忘带了。”,老师大怒：“你开学不带作业带啥了。”,小明：“一颗勇敢的心。”",863°C,16,2019-03-08,一颗勇敢的心
"晚上感冒了，老妈给拿了几片药让我吃掉。,睡到半夜，老爸喊了我几声，我问咋了？,他说没事，你妈说给你拿错药了，让我看看你还在不在。 ,我……",871°C,11,2019-03-06,还在不在
"堂弟买了一辆二手车跑货运，因为疲劳驾驶，开到了沟里。,车报废了，人还受了伤。,一下损失几十万，堂弟一时缓不过劲来。,二爷爷心疼孙子，劝导他：你年轻，哪里跌倒哪里爬起来，没什么大不了的。,孙子说：车都报废了，你爬起来给我看看！,瘫痪在床的二爷爷脸都黑了………",885°C,4,2019-03-05,你爬起来给我看看
"一位女司机告诉我：油涨价她己习惯了。就像""大姨妈"",一个月不来一次，她都有点慌。,我问:那降价呢?,她说:那基本上象怀孕，一生就TMD那么几次！",921°C,4,2019-03-05,油涨价她己习惯
"儿子不想写作业，,边写边哭，,不让他写吧，,他说老师要检查，,让他写吧，,他鼻涕一把泪一把，,老公开口安慰到:儿子，我白天上班就你这样，我都没哭！,呃，如此安慰！[汗颜]",873°C,7,2019-03-05,儿子不想写作业
"早上吃早点，,听见外面一个粗犷的声音：“打死、打死啊……你倒是打死啊……”,忍不住好奇，出门看一眼……,原来是一大哥指挥他媳妇倒车呢",913°C,6,2019-03-05,打死、打死啊……你倒是打死啊……
"A：你的女朋友有缺点吗？ ,B：有，像星星一样的多。 ,A：那你的女朋友有优点吗？,B：有，像太阳一样的少。,A：那你为什么还喜欢她？ ,B：因为太阳一出现，星星就不见了。",995°C,35,2019-03-05,你的女朋友有缺点吗？
"老婆大人剖腹产八点多进去，十点多才出来，虚弱的问我:大……,我连忙握着她手回：手术很成功，你很好！,老婆：打……,我：孩子也挺好，预防针也打了！,老婆用力甩开我手：大盘涨了吗？",817°C,4,2019-03-05,大盘涨了吗
"跟小姨一起去旅游，晚上睡在一个房间里。,第二天醒来，发现小姨黑眼圈好重，问小姨怎么了。,小姨说，你说你一个女孩子家家，睡觉呼噜就算了，还打的那么个性，每一声呼噜后面带着尖锐的哨音，挺利尿的，我一晚啥事没干，净上厕所了。",1087°C,9,2019-03-02,跟小姨一起去旅游
"过年去女友家，晚上住在一起，半夜，偷偷摸摸作羞羞的事情。,但是床不好，老是吱吱响，觉得挺晚了，估计他们都睡了，也就没在意，尽兴而为之。,第二天，岳父岳母默默的给我们换了一张新床，唉，好尴尬。",963°C,7,2019-03-02,过年去女友家
"哥们给我发微信，问我知道绿茶拿铁不？,我以为是什么咖啡，回了句“不知道”。,没想到这货发过来一个他前女友在健身房举哑铃的照片……",1533°C,14,2019-03-02,绿茶拿铁
"儿子晚上老是磨牙，到医院检查，说要化验大便有没有虫。可儿子当时拉不出来，医生说别急，到家拉了再送来也行，但记住，必须一个小时内才有效。,第二天早上，我拿着大便，急忙开车送医院，路上堵车，到医院就剩十分钟了。奔跑过程中撞了一个人，他骂道：你赶着投胎吗？我回了一句：不，我是去送屎！",1128°C,16,2019-03-01,送屎
"A：FBI是什么意思？,B：美国联邦调查局,A：哦，那warning呢？,B：警告，或者危险,A：哦………,B：………,B：等等！你在看什么？",2161°C,18,2019-02-27,FBI是什么意思？
"单位新来的同事，,一个圆墩墩的小胖子，,非常能喝酒，,领导经常带出去陪酒。,有多能喝呢？,据说有一次，,领导带他出去，,他把一桌子的人都放倒了，,筷子还没掰开呢！",1444°C,19,2019-02-26,非常能喝酒
"一个武士手里拿一条活鱼问禅师：我跟你打一个赌，你猜我手里这个鱼是活的还是死的？,禅师心想：如果说是活的，武士就会把鱼捏死。,但明知是活的说是死的，就打了诳语。,鱼命和原则哪个更重要？,禅师沉思了半个小时，终于说道：是死的。,武士看了看手中的鱼，说道：麻鄙的，半个小时前还是活的。",1077°C,22,2019-02-26,一个武士手里拿一条活鱼问禅师
"女：看你人不错的，公交车上你会给老奶奶让座吗？,男：我从不坐公交车。,女：那地铁你让座吗？,男：我也不坐地铁。,女：哦，哎，现在汽油也越来越贵了！,男：涨那一两块钱对我来说也不是个事儿。,女：嗯，走吧，我们去看电影！,男：等一下，我的自行车还锁在外面……",1147°C,10,2019-02-24,公交车上你会给老奶奶让座吗
" ,姓名：太阳 ,性别：男 ,年龄：46.7亿岁 ,籍贯：银河系太阳组,有一张阳光般的笑脸，在江西走失数月，至今未归，请见着了告诉他，江西人民都很想念他！,这再不来，江西人民都要穿尿不湿了，江西也要改外国名字了，叫「伊芙赛布干·内酷么德川」。",1543°C,14,2019-02-24,寻人启事
"高考结束，父母为了不让我远走高飞，非得让我留在省内，说是回家方便………,为了满足父母愿望，我来到离家300多公里的合肥，从而放弃离家25公里的徐州！！！",874°C,10,2019-02-21,我来到离家300多公里的合肥，从而放弃离家25公里的徐州
"儿子：老妈，我要结婚了。,老妈：儿咂，别娶了媳妇忘了娘啊！,儿子：老妈你放心啦，我一直会娘下去的，嗯啊。",784°C,12,2019-02-21,别娶了媳妇忘了娘啊！
"小女儿: 一家人就该有难同当有福同享；一方有难八方支援；齐心协力共创辉煌；母慈儿孝......！,我: 说人话！,小女儿: 我的作业你们是不是也该帮忙做一些？",810°C,9,2019-02-21,我的作业你们是不是也该帮忙做一些？
"南方人：方便面呢？,东北人：我造了！,南方人：什么是“造了”？,东北人：就是吃完了。,南方人去上厕所，厕所堵了，水混着翔淌得满地都是……,东北人见了喊道：“你看你造的！”,南方人大惊：你不至于吧！？",812°C,6,2019-02-21,你看你造的
今天去医院打屁股针，护士小姐好漂亮！她叫我去病房里躺着，于是我说了句： “我在床上等你哦！”你们想不想知道我屁股被扎了几下……,917°C,20,2019-02-20,我在床上等你哦
"过年期间被逼着去相亲，一坐下，我跟对方异口同声地说道：“是你啊？”,原来我们去年过年时就相过一次亲。,对方似笑非笑地说道：“哎呀！我算是看出来了，你不是好货不怕晚啊！你是尾货清不了仓啊！”",864°C,14,2019-02-19,相亲
"《流浪地球》观后感。,好莱坞的科幻灾难片都是造一太空船，诺亚方舟直接把人类带走，我国却是连地球一起带走，从这就可以看得出我国民对不动产的钟爱！",730°C,32,2019-02-19,不动产
"一哥们给我讲，昨天去参加婚礼，遇到他炮友的老公，感觉心里过意不去，装醉给他老公500，他炮友老公还以为我哥们真醉了，随错了礼！,??????,一觉起来，我就质问老公：“从你裤兜里掉出来的五百块钱怎么回事？”老公笑着说道：“昨天参加婚礼，一个哥们喝多了，把我当新郎随了五百块钱...”",816°C,16,2019-02-19,随错了礼
"丈母娘今天说孩子应该头朝北，脚朝南睡。,媳妇说你这又是什么迷信？,丈母娘说什么叫迷信，这是科学，电视上说的，这样睡不切割磁感线！,笑得我一口水喷了出来，然后开始旋转孩子。,丈母娘说你在干嘛？我说我在发电。",855°C,34,2019-02-18,这样睡不切割磁感线
"我问个问题：,有几个男的要一起过河，,河里有吃丁丁的鱼，,但是，,他们只有一个水瓶，,问，,是怎么过的河？",769°C,18,2019-02-18,怎么过的河
"那年，公司组织户外活动，突然下起大雨，一个女汉子同事给淋成落汤鸡，冲到大巴车上避雨！就站在车上。,我好心问她要不要坐会。,她以一个高八度的音调回应我：“坐你妹！姨妈巾都是水，一坐不爆的到处都是水！！”,...全车人鸦雀无声...",997°C,18,2019-02-18,女汉子同事
"奈何桥上，一位男孩已经喝了十碗孟婆汤了，孟婆看了阻止道:“够了，你到底忘不了什么？”,男孩两眼空空，呆滞的回答道:“北京第三交通委提醒您道路千万条安全第一条行车不规范亲人两行泪。”",3618°C,31,2019-02-17,北京第三交通委提醒您……
医院抽血检查完全正常，睡觉完全不咳嗽，看电视时很少咳嗽，一旦遇到让她干点活，写作业，吃饭，立马开始咳嗽，知道该怎么办了吗,1067°C,17,2019-02-17,咳嗽
"同事丽丽支支吾吾的问我：姐，意外险的报销包括哪些范围？,我一时答不上来，说：应该因意外造成的伤害都能报吧？,丽丽松了一口气说：那就好，不然又是一笔开支！,我疑惑地看着她：你这不好好的吗？怎么了？,丽丽脸红着说：跨年那天…忘了和男朋友采取措施，意外怀孕了……",1007°C,16,2019-02-17,意外报销
"打扫卫生翻到老公的私房钱，不好意思给他没收了，把手上的手链褪下来，跟他私房钱放一起。,跑去跟老公说手链找不到了，让他帮忙找找。,没多久，老公拿着手链跟私房钱过来：“老婆，手链找到了，你看看这个钱是不是你一起掉的？”",940°C,20,2019-02-17,老婆，手链找到了
"上联：周立波、黄海波、吴秀波，一波三折,下联：何盛东，柯震东、刘强东，东窗事发,横批：随波东去",865°C,45,2019-02-13,上联：周立波、黄海波、吴秀波，一波三折
"一日，苏轼与佛印禅师二人，一同去参拜一间庙宇。,进入佛殿时，有尊观世音菩萨手持念珠像，苏轼问佛印禅师：“观音菩萨为何也数起念珠？”,佛印禅师答道：“菩萨也拜佛菩萨呀！”,苏轼又问：“拜什么佛菩萨？”,佛印禅师道：“拜观音菩萨啊！”,苏轼疑惑再问：“为何观音菩萨要拜自己呢？”,佛印禅师说：“求人不如求己呀！”",1262°C,61,2019-02-13,为何观音菩萨要拜自己呢？
"考辛斯有三宝：活好，暴躁，追着裁判跑，,库里有三宝：三分 , 晃头，老滑倒，,哈登有三宝：夜店，肥婆，一碰就倒，,麦迪有三宝：干拔，暴扣，三十五秒，,韦德有三宝：变相，迷踪，飞速跑，,加内特有三宝：怒吼，捶胸，倒着跑，,纳什有三宝：视野，传球，躺着好，,姚明有三宝：国际，个头，名声好，,詹姆斯有三宝：横冲，直撞，伤得少，,科比有三宝：转身，后仰，就是屌，,卫平有三宝：合理，哎呦，这个好",989°C,118,2019-02-13,考辛斯有三宝：活好，暴躁，追着裁判跑，
"1个馍， 北成2瓣， 放了3天， 4气了， 估计是5坏啦， 就6了一下， 拿7来， 8了皮， 9了点咸菜，一吃！,我类个娘哎，10在是难吃死啦... ,能读懂的多半是老乡！做鬼脸[做鬼脸]",786°C,38,2019-02-12,能读懂的多半是老乡
"本人药店营业员一枚。,经常有老客户来了我们还要陪着聊一会儿。,有一大妈特别喜欢吹嘘她的家庭条件，家庭条件也真是不错。,那天来了，说儿子在外国留学，娶了个也是中国留学生。,说:“国外的环境真不一样啊！生的孩子都是金发，眼睛哇蓝哇蓝的！”,这……大妈，您儿子戴了帽子您不知道吗？",825°C,56,2019-02-12,生的孩子都是金发
"“沙雕网友过大年” ,过年放假去媳妇家，为表现去做饭。,上下翻飞整出菜。,丈母娘吃了一口，筷子含在嘴里，眼泪拔差的说：“飞飞，这菜让我想起我妈做菜的味道……”,我挠头傻笑；“呵呵，谢谢夸奖”,她说：“唉，那时困难，八口人一个菜，菜咸的吃一口就一个窝窝头..….”",848°C,34,2019-02-11,沙雕网友过大年
"教练：看见前面那个人了没有？,学员：看见了！,教练：撞死他！,学员：我不敢！,教练：不敢？那你还不刹车！",979°C,18,2019-02-11,看见前面那个人了没有
你这就跟 锄禾日当午，清明上河图，造血干细胞，复方草珊瑚，平方差公式，班长兼学委，完全搞不懂，弯弓射大雕，仙剑奇侠传，王朝干红酒，重阳插茱萸，黄河入海流，起舞弄清影，白鹭上青天，梨花压海棠，曲径通幽处，禅房花木深。似的,1128°C,22,2019-02-10,你这就跟锄禾日当午似的
"上联：组件模块接口聚合有度,下联：循环判断跳转亲密无间,横批：马上就好,上联：110011011000111,下联：001100100111000,横批：1001,上联：复制粘贴一时爽快,下联：测试重构千日烦心,横批：初级程序员,上联：组合优于继承,下联：约定胜过配置,横批：面向对象",814°C,8,2019-02-10,程序员对联
"听说，人生最辉煌的一段时间是高考前6个月，这时你上知天体运行原理，下知有机无机反应，前有椭圆双曲线，后有杂交生物圈，外可说英语，内可修古文，求得了数列，说得了马哲，溯源中华上下五千年，延推赤州陆海百千万。,现在呢，除了玩手机，废人一个。",949°C,23,2019-02-09,人生最辉煌的一段时间是高考前6个月
"化学课上…,老师提问：“钠是什么？”,同学面面相觑，鸦雀无声。,这时化学老师有点发怒，便提高音量问道：“钠是什么？”,突然间老师的电话响了：“那是一条神奇的天路诶...”,从此，化学老师再也没有带手机上过课。",3881°C,28,2019-02-09,钠是什么
"美院第一次人体素描课，豆豆把笔一扔：一会大，一会小，没法画了！,老师气愤道：胡扯，那是女模特！,豆豆嘟囔道：我又没说她……",846°C,18,2019-02-09,一会大，一会小，没法画了！
"如何回答女生“你喜欢我什么”？,这不是有公式吗？！,如：四年前的一个早上，你忙碌着为我准备早餐，看着你的身影，我恍惚看到了天使，美极了，那时我便默默对自己说，这就是我要用一辈子去爱去疼的女人。,最后紧紧抱住她，不用多解释。",844°C,59,2019-02-07,如何回答女生“你喜欢我什么”？
过个体面的年，到底要花多少钱？,711°C,8,2019-02-07,过个体面的年，到底要花多少钱？8900～36000！
"第一次去婆婆家闹得很不愉快，我就不想再去，但架不住男朋友一直央求，只好去了。,婆婆态度比上次好了些，做了几个青菜，还杀了只公鸡。,开饭时，男朋友问婆婆为什么没有煎鸡蛋。,他平时超爱吃，每顿饭婆婆都会给他做。,这时婆婆说:公鸡哪来的蛋?如果公鸡都可以下蛋，那男人岂不是可以生孩子了?,原来婆婆还是想抱孙子，嫌我是男人！",844°C,23,2019-02-06,公鸡哪来的蛋
"你经历过最尴尬的事情是什么？,上大学的时候，生活费很少，好不容易省下了一笔钱，带女神去吃西餐，我想要表现的 Gentleman 一点，招手想喊：waiter，结果一招手，大喊了一句：taxi....,然后...,就没有然后了",2140°C,62,2019-02-03,你经历过最尴尬的事情是什么？
"""年终奖发了多少啊"",""嗐！少发了几万！"",""到底发了多少"",""就 500""",736°C,99,2019-02-03,年终奖发了多少啊
"本来以为题主是男的，心想卧槽，这可能是2015年最悲伤的问题了；,仔细一看题主是女的，卧槽，这真的是2015年最悲伤的问题了…",1146°C,97,2019-01-31,女孩子的胸到底有多软？摸着什么感觉？
"媳妇是个吃货，是一个170斤的胖子。,昨天晚上我想吃荔枝罐头，拧了半天没拧开，求助老婆。,老婆拿过来，将罐头盖一拧，“嘭”一下开了！,我伸出大拇指：“老婆你真行！”,老婆很谦虚：“这算什么！我还有更厉害的再后面呢！”,说着她端起罐头，仰脖而尽，转瞬间，就剩下空瓶了！",570°C,12,2019-01-29,老婆你真行
"昨天部队打靶回来，车没油了，就征用了一个面包车。,司机太紧张，途中不小心蹭一辆路虎，路虎下来了几个大汉，拿着钢管气势汹汹的走来，一开门看到我们6名拿着95式步枪战士，问：“同志，看钢管舞么，免费的”。",897°C,37,2019-01-27,同志，看钢管舞么
"哥们去相亲，非拉着我给他壮胆。,见面聊了一会，我小声说，过去挨着女生坐啊，哥们说，不行，跟女生坐一块我害羞。,过了两天在街上碰见他俩，手牵手逛街呢。,我就问他，你这坐一块聊天都害羞，怎么才两天都牵手逛街了。,哥们说了句，坐着聊天害羞，但是躺着聊天就不会了。。",675°C,12,2019-01-26,坐着聊天害羞，但是躺着聊天就不会了
"《江城子·一》,十年生死两茫茫，喜羊羊，灰太狼。,舒克贝塔，蓝猫话凄凉。,纵使相逢应不识，圣斗士，美猴王。,老夫聊发少年狂，治肾亏，不含糖。,锦帽貂裘，洗衣用奇强。,为报倾城随太守，三百年，九芝堂。,夜来幽梦忽还乡，学外语，新东方。,相顾无言，洗洗更健康。,问挖掘机哪家强，到山东，找蓝翔。。。。,《江城子·二》,十年生死两茫茫，写程序，到天亮。,千行代码，Bug何处藏。,纵使上线又怎样，朝令改，夕断肠。,客户每天新想法，天天改，日日忙。,相顾无言，惟有泪千行。,每晚灯火阑珊处，夜难寐，加班忙。",1500°C,66,2019-01-26,十年生死两茫茫，喜羊羊，灰太狼。
"我的前女友是个吃货，我们感情非常好。,我一直想跟她去吃西餐，可她总说烤串更好吃。,无奈之下，我只得悄悄跟烧烤摊老板商量，问他有没有办法把钻戒藏在烤串里。,后来，我把钻戒卖了，给前女友镶了假牙。",595°C,9,2019-01-25,我把钻戒卖了，给前女友镶了假牙
"男友的朋友过生日，我们一起去KTV，一小男生非要拉着男友唱情歌。,男友特别不喜欢别人碰他，就放下话筒冷冷道：“你敢再碰我一下试试？” ,那个男生愣了，气氛顿时尴尬，大家还没来得及打圆场，就见那个男生伸出食指，像小兔子似的小心翼翼的碰了一下男友的外套，后来我就单身了！",945°C,23,2019-01-25,你敢再碰我一下试试
"中午回宿舍准备小憩一会，路过淮南牛肉汤店门口，看到一个老年乞丐正在垃圾堆里抠牛骨头上的肉沫吃。,我到淮南牛肉汤店打包了一份牛肉面，在流浪者惊讶的表情中，递给他就匆匆走了，留给他一碗热气腾腾的面和尊严！",700°C,40,2019-01-23,淮南牛肉汤店打包了一份牛肉面
"《买酒秘诀》,茅台带个镇，买时需谨慎。,泸州没老窖，马上往回绕。,汾酒加集团，基本要玩完。,西凤不带酒，必须躲着走。,五粮春醇液，其余都是孽。,洋河海天梦，其他不要碰。,古井不带贡，喝了浑身痛。,剑南没有春，别问真不真。,酒鬼变湘泉，绝对不值钱。,习酒写简体，直接瞧不起。,喝酒买贤酒，交友交贤友。,长毛非老酒，瓶子刷酱油。,大厂买嫡系，口诀要牢记。",1026°C,9,2019-01-22,《买酒秘诀》
"现在的外卖小哥太牛了，打电话给我：我到了，你下来拿。,我：我不太方便，你送上来吧。小哥：咋的？腿断了？,我：刚沏茶小罐茶，要喝一杯不。小哥：好的，您稍等，这就来。",860°C,13,2019-01-22,现在的外卖小哥太牛了
中国男子足球，前面两个字侮辱了这个国家，中间两个字侮辱了这个性别，后面两个字侮辱了这项运动。,680°C,31,2019-01-21,中国男子足球
"为什么生活中离不开葱姜蒜？？？ ,因为：人生葱葱，能姜就就姜就，不能姜就，就蒜了。。。",978°C,27,2019-01-20,葱姜蒜
"《葵花宝典》翻开第一页写着：欲练此功必先自宫，割了。,再翻开第二页：即使自宫，未必成功。晕死。,再翻开第三页：不必自宫亦可成功。吐血！,这就是现在的成功学。",549°C,24,2019-01-15,欲练此功必先自宫，割了。
"老婆怀孕了，体重猛增，我对 老婆说：看你胖的，我真心着不下去了！,二货老婆回了一句：你一个把饭变成屎的人哪里来的勇气笑话一个把饭变成生命的人。",762°C,69,2019-01-14,看你胖的，我真心着不下去了！
"某局长因操劳过度，终于一丝不挂地累死在一个20岁女孩的床上，为缅怀这位年年考核优秀的爱民官员，群众送挽联。,上联：赤条条来，深入裙中，海棠树上梨花颤！,下联：光溜溜去，坚韧不拔，牡丹花下黄牛归！,横批：畜生入死！,其家属要求法医给个好听的死因作为横批，法医挥笔：舒服死了",747°C,31,2019-01-11,赤条条来，深入裙中，海棠树上梨花颤
"办公室饮水机没水了，就打电话让送水。,来送水的是一年轻帅气小伙，女同事们调侃：“哎呦，小伙子真帅，怎么就送水了呢？明明能靠脸吃饭，却非靠体力，不累吗？”,送水工摇头说：“大姐，别开玩笑了，我以前就是靠脸吃饭，比送水还累！”",814°C,25,2019-01-11,明明能靠脸吃饭，却非靠体力，不累吗？
"女神她家是做路边烧烤的，每天都有很多人为了女神来吃肉串，可所有追求女神的顾客都被拒绝了，唯独嫁给了一个屌丝。,有人问女神为何会选择屌丝，女神羞涩地笑了：“这么多人来吃烧烤，只有他一个没有点过腰子”。",568°C,28,2019-01-10,女神她家是做路边烧烤的
"趁假期去看守所找一在那工作的同学玩。,发现那一小号里关着一个目测十岁左右的小男孩，问同学：“这么小的孩子怎么会出现在这里？”,“那是所长的儿子，一到放假基本都关这里写作业……”",652°C,25,2019-01-10,一到放假基本都关这里写作业
"媳妇是个吃货，是一个170斤的胖子。,昨天晚上我想吃荔枝罐头，拧了半天没拧开，求助老婆。老婆拿过来，将罐头盖一拧，“嘭”一下开了！,我伸出大拇指：“老婆你真行！”,老婆很谦虚：“这算什么！我还有更厉害的再后面呢！”,说着她端起罐头，仰脖而尽，转瞬间，就剩下空瓶了！",613°C,9,2019-01-10,这算什么！我还有更厉害的再后面呢！
"熟人不好下手 ,生人不敢开口,没有了一见钟情的资本,又缺少日久生情的条件 ,人群中的段子手 ,人群外的矫情狗 ,躲得过对酒当歌的夜 ,躲不过四下无人的街 ,希望你以后再遇到爱情的时候 ,慢一点再慢一点 ,认准了再付出全部 ,该笑的时候没有快乐 ,该哭的时候没有眼泪 ,不要太过用力太过用情 ,让自己遍体鳞伤",1567°C,42,2019-01-09,人群中的段子手 
"今天在大街上看见一美女似乎在找什么东西，我吹着口哨走上去色迷迷的问：美女，你找啥呢？,美女白了我一眼：“流氓”。,“不用找啦，我就是啊。”我赶紧说到。",577°C,21,2019-01-09,美女，你找啥呢？
"在哥们家吃饭，他老婆向我敬酒说：“新的一年，祝你大难不死必有后福。”,我一直过得好好的，本想问她何出此言？,哥们不停使眼色，我就忍住了。,她接着说：“去年你真够倒霉的，一会儿丢钱包、一会儿车祸、一会儿被抓、一会儿抢救，我老公大晚上没少为你奔波。”",914°C,24,2019-01-09,新的一年，祝你大难不死必有后福
"表叔在国外念书。,一天表叔看见我那活宝妹QQ签名说＂爷爷一路走好，在天堂玩的开心＂。,当时给表叔吓了一大跳。。。,立马打电话回去问。。。,得出结果是姑姑和姑父带着爷爷去杭州玩了。。",614°C,11,2019-01-07,爷爷一路走好，在天堂玩的开心
"老婆脸上出痘痘了，老婆抱怨：“为什么我的脸上老长痘痘啊?”,我说：“因为老天爷嫉妒你太漂亮了。”,老婆很开心，看了看我又问：“那你长得也不帅，为什么你也长痘痘了呢?”,我说：“因为老天爷在惩罚我撒谎。",593°C,78,2019-01-07,老天爷嫉妒你太漂亮了
第一次相亲，和女方一起出去吃了个饭，夹了个鸭腿放在她碗里，她腼腆的说了声：谢谢，我自己来，然后，我又从她碗里把鸭腿夹走，回她声：不用谢。,593°C,20,2019-01-06,我自己来
"同事问儿子：“小朋友，你属什么呀？”,儿子一本正经的答道：“叔叔，我属鸡蛋。”,同事一愣，忙问：“为什么属鸡蛋呀？”,儿子振振有词的说：“我妈妈属鸡，我是她儿子，当然属鸡蛋啦！”",676°C,9,2019-01-06,我属鸡蛋
"嫁人千万别嫁给胖子，尤其是一喝就喝多，喝多了就吐得满地都是的人。,别问我为啥，几个钟头我都抱不起来一个醉鬼大哭[大哭]",642°C,9,2019-01-06,嫁人千万别嫁给胖子
"老爸抽风，给我转88万，隔天收到小姨信息：孩子。。。。我和你爸商量了，我们决定不管你了。我们要去国外呆一阵子，这些钱你留着结婚吧!,我天，这是要让我自生自灭吗?",610°C,12,2019-01-06,我和你爸商量了，我们决定不管你了。
"实验室来了个漂亮的小师妹，我搭讪问：“贵姓？”,师妹说：“免贵，姓潘。”,我高兴地说：“我们八百年前是一家啊，我姓武！”,然后，小师妹低头红脸走了，再也不理我了。。。",647°C,28,2019-01-02,八百年前是一家
"一次语文考试，我同桌考了一百分，我才考了四十六分。,知道成绩后他来感谢我：“要不是偷瞄了你的试卷，我可能拿不了一百分。”,我听完后顿时感动万分……,后来我才知道，他瞄我的试卷，是为了把我选的选项给排除掉……",672°C,21,2019-01-01,要不是偷瞄了你的试卷，我可能拿不了一百分
朋友聚会，KTV包房，我鼓起勇气唱了一首《你是我的眼》，打算过后向暗恋已久的妹子表白，结果透过昏暗的灯光，角落里妹子正和别人亲嘴，于是我哭着唱完整首歌，泣不成声，大家都觉得我太投入，不停鼓掌，还让我再来一首。。。大哭[大哭],774°C,24,2019-01-01,打算过后向暗恋已久的妹子表白
"现在的女生真TM会装，昨晚和几个同事KTV小聚，最后走的时候女神说她喝醉了，要我送她回家，我说你TMD喝果汁也会醉？！,幸亏老子机灵，要不今晚又耽误我玩游戏了。",666°C,42,2018-12-31,现在的女生真TM会装
"晚上我爸敲我房门，问我还有没有烟，我把烟递给我爸，我爸拿出两根，我问我爸一晚上两根烟够吗？,只见我爸把两根烟放到我床上拿着剩下得烟转身离开了，，，这才是亲爹！！",517°C,8,2018-12-31,一晚上两根烟够吗
"豆豆：泥鳅，大黄两口子吵架闹离婚，是不是因为你插足造成的？,泥鳅：豆豆，这事你就冤枉我了。,豆豆：怎么冤枉你了？,泥鳅：大黄和他老婆吵架的时候，我就藏在他家的床铺底下，大黄根本就没发现我。这怎么能说是因为我吵架闹离婚的呀？,豆豆：我操.....",621°C,8,2018-12-31,这事你就冤枉我了
"躺床上看手机，刚好看到一个特别好笑的视频。,就把手机递给媳妇看看！,刚递过去，就听见微信“嘀嗒”一声。,屏幕上方出现一行字“亲爱的，在干嘛呢？想你了！”,…………",846°C,18,2018-12-31,亲爱的，在干嘛呢？想你了！
"我在火车站上班，一次有个老太太来问路：“小伙子，上海南的车往哪边走？”,我看老太太行动不太方便，于是搀扶着她从贵宾室里走，并一直把老人送上了去海南的火车。,第二天老人的儿女在上海南站等了一天也没接着人…",561°C,22,2018-12-29,上海南的车往哪边走
"毕业季，女生楼挂横幅：今日青春少女，明日成功女性。,第二天男生宿舍也挂了幅一样的：今日青春少女，明日成功女性。",986°C,174,2018-12-29,今日青春少女，明日成功女性。
"百里新婚第二天自己去酒吧喝闷酒。,同事老王问：“新媳妇不是挺漂亮吗？有啥不开心的。”,百里哭着说：“漂亮是挺漂亮，但是比我还会玩，关键是早上起床迷迷糊糊的要看我手牌儿。。。。。。”,捂脸",656°C,13,2018-12-29,新媳妇不是挺漂亮吗？有啥不开心的。
"和朋友街边撸串，喝酒。,看到老板栓在一边的小狗挺可爱，于是丢了一块肉过去逗它。,老板赶紧过来阻止：你们吃你们的，别管它，它这几天上火！",655°C,11,2018-12-28,它这几天上火
"开机即是高潮的十部电影，部部经典之作，你错过了几部？,神回复：",641°C,13,2018-12-28,开机即是高潮的十部电影，部部经典之作，你错过了几部？
"刚到家，老婆拿来酒瓶：今天必须再喝两杯。,老公指了指脸：老婆，你看看，昨晚我喝酒被你打得，还肿着呢，算了吧。,老婆：不行，你必须得喝！,老公：为啥啊？,老婆：尼玛，我有强迫症，看到你脸不对称，心里就不舒服！,老公：……",644°C,10,2018-12-28,强迫症
"据调查，43％的女生愿意嫁给富二代，,而另外57％的女生志向比较远大，,愿意直接嫁给富一代。",686°C,20,2018-12-28,43%的女生愿意嫁给富二代
"朋友跟大学同学媳妇有染，被大学同学当场抓住。,朋友很平静：“我们这回扯平了！”,大学同学火了：“什么扯平了？”,朋友：“大学时候系里篮球比赛，你盖过我帽，现在我再给你盖个帽，不对吗？”",413°C,11,2018-12-27,我再给你盖个帽
"带了点瓜子，伸手给女同事一把，女同事捂着肚子说：等我上完厕所再给我！,我大叫道：等你上完厕所就被我吃光了～空气一瞬间的安静～",618°C,7,2018-12-27,等你上完厕所就被我吃光了
"老师：您的儿子早恋了。,家长：我知道。,老师：您不反对？,家长：反对什么，在学校是他女朋友管着他，不让他抽烟不让他喝酒，生病的时候照顾他，天冷了提醒他多穿衣服，不开心安慰他，开心陪他一起开心，这些你们当老师的能做到么？,老师：那就是同意我们在一起了吗？",678°C,33,2018-12-27,您的儿子早恋了
"小时候听“凿壁借光”的故事，于是晚上把邻居家墙弄个洞，借着微光学习。,隔壁住的是一对新婚小夫妻……后来，我的学业就荒废了",941°C,25,2018-12-27,凿壁偷光
"姐弟俩坐地铁，旁边一黑人听着随身听，年幼的弟弟说：姐姐你看那脏兮兮的人来我们地球干嘛？还这么臭美，扎那么多辫子!,姐姐顿时被弟弟的话惊呆了，立刻捂住他的嘴，小声告诉他说：不要这么大声小心人家听得懂。,那个黑人转过头来对他们一笑，说了句：没事，我听不懂的，你们继续！,姐姐当时就傻眼了。。。",528°C,11,2018-12-26,不要这么大声小心人家听得懂
"车站等车，过来一个男生跟我搭讪：美女你好，能加个微信吗？,我说：你高三刚毕业吗？,他说：是呀，你也高三刚毕业吗？,我说：哦，我高三毕业九年了！",842°C,4,2018-12-26,美女你好，能加个微信吗？
"伊拉克教练惊闻郑智已38岁：天啦噜！中国没好球员了？,神回复：,伊拉克主帅：中国没好球员了？,中国足协：有？还是没有啊？,伊朗主帅：这个可以有。,中国球迷：这个真没有！",587°C,6,2018-12-26,中国没好球员了？
在新常规预算中，中国的分摊比例从此前的7.92%大幅上升至12.01%。日本从9.68%降至8.56%，两国排名发生互换。,736°C,5,2018-12-26,神回复：才吃几天饱饭，就开始和别人比有钱了。
"儿子问我：妈妈，洗衣粉咋还有股花香味呢？,我：看到洗衣粉里的小篮点了么，那是酶，就是它发出的香味！,刚刚我洗衣服定过洗涤时间就去厕所了出来后发现洗衣机里的水居然是黑的……,儿子手里拿个煤球指着洗衣机，还在向我邀功：妈妈，快去闻闻咱家的衣服是不是更香了？！",523°C,4,2018-12-26,快去闻闻咱家的衣服是不是更香了
"我：“为什么我的五官这么扁平？”,老妈说：“因为你小时候总是趴着睡觉。”,我不满道：“为什么不把我转过来？”,老爸来了一句：“小时候你长得丑，你妈看见了害怕！”,我。。。",644°C,5,2018-12-25,为什么我的五官这么扁平？
"养二奶的越来越多，养奶奶的越来越少;,出书的人越来越多，读书的人越来越少；,耍手腕的人越来越多，耍手艺的人越来越少；,未婚同居的人越来越多，婚后同居的人越来越少；,肚子大的人越来越多，肚量大的越来越少；,知道周迅的人越来越多，知道鲁迅的人越来越少；,想当公务员人越来越多，真正为人民服务的人越来越少；,城市里房子越盖越来越多，老百姓真正买得起人越来越少；,大学生和研究生越来越多，真正愿意搞创新的人越来越少；,发表论文的人员越来越多，真正转化为生产力的越来越少；,戴口罩人越来越多，身体健康的人越来越少；,口袋里有钱的人越来越多，有良知正义的人越来越少。",513°C,37,2018-12-25,养二奶的越来越多，养奶奶的越来越少
"排队买早餐，我前面是一老外。,唧唧歪歪的说什么没听清，只听到一句：Double。,于是给老板翻译：他要两份。,老外一听，急了，用生硬的普通话说：不不不，是打包!",520°C,19,2018-12-24,Double
"刚接到一个电话，“您好，我是瓜子二手车…”,我问她，你是卖瓜子，还是卖二手车？,她说卖二手车的。,我又问她，那瓜子跟你有毛关系？,妹子不开心了，回我“我们是嗑着瓜子卖二手车”，把我电话挂了。",732°C,15,2018-12-23,瓜子二手车
"A：“今天起你的绰号就叫火锅吧。”,B：“为啥叫火锅？”,A：“因为我希望你快滚。”",549°C,11,2018-12-19,今天起你的绰号就叫火锅吧
"妈：给，你爷俩的茶。,儿子：真好喝。,妈：那是，娘泡的最好。",497°C,11,2018-12-19,娘炮
"儿子在学校打架了，到家问他为什么打架。,他支支吾吾、这里那里，完全说不到点上。,我一拍桌子：“说重点！”,儿子沉默了一下，强忍着打转的眼泪。加重了语气……,重新说了一遍。",503°C,15,2018-12-19,说重点
刚刚有个傻冒告诉我鲁迅姓周，真逗啊！周迅是个演员好吗？笑死我了！真想一板砖呼死他！我记得鲁迅原名李大钊，浙江周树人，是著名的反法西斯音乐家，一生有2000多项发明，被称为太空步的创始人。他拥有一个好嗓子，小学时就凭借着90分钟跑100米的优异成绩考上了新东方烹饪学校！毕业后成功进入富士康苦心练习勃鸡，他擅长110米栏，左手反打技术高超，拿手全垒打，大灌篮，“后空翻180度右旋体360度后蹬地翻转720度”是他的经典动作，更难得可贵的是他落地没有水花。他还是恶魔果实能力者，传说中的三忍之一，曾大闹天宫，后改邪归正，统一三国，传说他有107个弟兄，个个铜头铁臂，面目狰狞，这便是羊村的起源，她生平淡泊名利，后遇到高人阿凡达的指点，打死了白雪公主，与七个小矮人快乐的生活在一起。！并写了名侦探柯南的故事。名侦探柯南讲述的是要成为海贼王的八神太一收服了皮卡丘并登上创界山启动光能使者打败了鲨鱼辣椒，然后跟多啦A梦一起通过黄金十二宫收集七个葫芦娃召唤神龙复活二代火影，但最终为了保卫M78星云而成为了羊村村长，同蓝精灵们一起抵抗光头强的入侵的故事。,928°C,75,2018-12-18,鲁迅姓周
"老师今天用投影仪给学生讲课，上网挂着迅雷。,讲的正投入时候，屏幕突然弹出一个对话框：“苍井空363M，下载完毕，是否打开” ,这时，台下的学生们齐喊：“打开！打开！打开！打开！打开！”",511°C,15,2018-12-18,打开  打开
"和朋友骑电车去商场，到了地方，我锁上车，拔掉钥匙，熟练地将钥匙和手套丢到车篮里，扭头就走。,朋友目瞪口呆地看完整个过程：破旧电车就是任性啊！",482°C,2,2018-12-18,破旧电车就是任性
"媳妇一直想要二胎，昨晚又提起这件事，我比较犹豫，可我每说出十个困难，媳妇就有十一种解决方案。,最后我觉得应该让家里其他人帮着参谋参谋，就对媳妇说:你还是跟别人研究研究吧！,媳妇一脸惊讶:你不介意？",542°C,6,2018-12-18,跟别人研究研究吧
大学室友结婚的时候，我给她随了一千块钱的刮刮乐，都是面值两元的……结果新婚夜他们两口子刮了一晚上彩票……,636°C,14,2018-12-15,结婚送刮刮乐
"楼主近视两百多度，今天在路上看到一个人，远远的看特像我爸，差点认错。,于是我发消息给我爸:爸！我刚才看到一个人特像你。,我爸:你看到的是周润发吗？,我……",505°C,10,2018-12-15,你看到的是周润发
"生物课讲基因工程，讲到代孕时一2货问:老师，那可以把人的胚胎给猩猩代孕么？,老师答曰:理论上是可以的，但你愿意你孩子从猩猩肚子里生出来么，以后你孩子问你他是从哪里来的你怎么回答？,后排阴暗角落传来:来自猩猩的你……",587°C,20,2018-12-15,来自猩猩的你
"中国三大运营商经典广告词：,中国移动说：“谨防电信诈骗”,中国电信说：“小心移动支付陷阱”,中国联通说：“注意移动支付中的电信诈骗”",1149°C,57,2018-12-15,中国电信三大运营商经典广告词
"冬天最苦恼的就是走在街上，看着前面的人呼出来的一团白气劈头盖脸的笼罩过来，自己避无可避……,但是就刚刚，看到上周来实习的小男生跟在办公室室花后面，迎着她呼出来的白气深深的吸了一口，然后一脸满足的偷笑！",1077°C,15,2018-12-14,办公室室花
"一楼主发帖：好久没见男友了，真是想他啊，已经决定在他那住上七天了，请问大家，我要给他来个什么惊喜呢？,一楼回复：给他来个大姨妈……,二楼回复：外加溃疡和痔疮！”,三楼：双手受伤。",592°C,10,2018-12-13,好久没见男友了
"老师：小明，你解释下，为什么大家都说“暧昧”这两个字很传神？,小明：暧，左边是日，右边是爱，说明很想日。昧，左边是日，右边是未，表示还未日到！暧昧两个字合在一起，就生动形象的描述了男女之间想日又没日到的即时状态！,老师：滚出去！",731°C,47,2018-12-13,暧昧很传神
"我：“我想要条龙。”,~圣诞老人：“你他妈现实点。”,~我：“我想要对象。”,~圣诞老人：“你要什么颜色的龙？”~",556°C,34,2018-12-13,我想要条龙
"媳妇：“给你十五分钟，赶紧把儿子哄睡着！”,十分钟后……,儿子：“妈妈，我把爸爸哄睡着了……”",552°C,15,2018-12-12,给你十五分钟
"中午煮面条，给老公盛了一大碗。,老公吃完放下碗，抹抹嘴，嫌弃地说：像猪食一样真难吃！看着空空的碗底，我也嫌弃地说：猪吃完了才说难吃……",513°C,9,2018-12-12,像猪食一样难吃
"我和老公认识一周后就见面,我家水管坏了就问他会修吗,他说会于是就带着工具来了,现在想来也是胆大到不要命,约陌生男人上门穿个低胸裙,还要求对方要带着工具箱来,……,同居一年后水管还是没修好,用了无数个夜晚把床弄坏了",586°C,25,2018-12-11,修水管
"“记得小时候，村里人都说我丑，现在已经没人说我丑了。你知道这说明什么？”,“不知道。你说说明什么啊？”,“现在大家都叫我穷鬼。说明我已经成功地用穷掩盖了我的丑！”",546°C,9,2018-12-09,成功地用穷掩盖了我的丑
昨天跟女神出去吃饭，快要吃完的时候女神说了一句：“我平身最讨厌吃饭AA制的男生了。”我秒懂她的意思，所以买单的时候我跟服务员说：“这位小姐说她想请客！”,780°C,35,2018-12-08,AA制
"冬天了，南方人说室内冷，我说这个问题很好解决，铺上电热毯，回家就钻被窝。,网友立即反驳:那不行！被窝里有老婆，她会趁机收作业！",643°C,11,2018-12-06,被窝里有老婆
"为博女友欢心，一男子盗卖其父240万股票后挥霍，买豪车送钻戒花天酒地。。。,他手中的钱所剩无几时，女友还是离他而去。。。,然而令他惊奇的是，他能用手中所剩无几的钱买回其父原来份额的股票，一切又归于正常，像什么都没发生过一样。。。",574°C,37,2018-12-05,240万股票
"今天打牌到下午，带的1千块钱输完了，想着回到家老婆要骂，就去ATM机上取了2千大洋，回家和老婆说赢了1千！,钱一放就吃饭去了！,半碗饭还没吃，老婆过来就揪我耳朵说：你今天打一天牌赢的钱全TM新的，还连号……？,我晕！取款机还我命来。",514°C,11,2018-12-04,赢了1千
"晚上夫妻两开着车，刚好看到路边有个烂醉如泥的醉汉。,老婆忍不住多看了几眼。,丈夫问：你认识他？,老婆：哦，他是我前夫。,老公：天呐，他竟然庆祝了这么久!",503°C,24,2018-12-04,庆祝了这么久
"《年少有为》李荣浩,词：李荣浩,曲：李荣浩,编曲：李荣浩,制作人：李荣浩,吉他：李荣浩,贝斯：李荣浩,和声编写：李荣浩,和声：李荣浩,弦乐编写：李荣浩,录音师：李荣浩,混音师：李荣浩,母带后期制作人：李荣浩,李荣浩：谁特么都别想赚我一分钱。",823°C,53,2018-12-03,《年少有为》李荣浩
"闺密刚跟男友分手，发现自己怀孕了，哭丧的脸问我：如果你跟你男朋友分手了，却发现自己怀孕了怎么办？,我说：我会生下来好好抚养，等到他结婚那天把孩子带过去给他，告诉他，孩子我养了这么久，现在该你养了！！",601°C,14,2018-12-03,闺密刚跟男友分手，发现自己怀孕了
"A：“请问你是做什么工作的?”,B：“我是搞绿化的。”,A：“干得怎么样啊?”,B：“周围邻居的老婆我都睡过!”",771°C,30,2018-12-02,我是搞绿化的
"闺女两岁的时候我怀上二胎。,我：妞妞，你想要个弟弟还是妹妹？,闺女：妈妈，我想要个哥哥或者姐姐也行。,我：那不行，妈妈生不了哥哥姐姐了，只能生个比你小的宝宝。,闺女：…………妈妈，那你给我生个小狗陪我玩吧。,我：……",577°C,7,2018-12-02,妈妈，那你给我生个小狗陪我玩吧
"我一个同校的师姐，现在四十多，她老公二十多。,校友聚餐，师姐给她儿子看她当年大学毕业典礼的照片，她儿子问：“爸爸呢？爸爸站在哪呢？”,师姐：“你爸呀，那时他在幼儿园呐 ！”",634°C,13,2018-12-01,爸爸呢
"《我要穿秋裤》--赵佳霖,我要穿秋裤，冻得扛不住,一场秋雨来，十三四五度,我要穿秋裤，谁也挡不住,翻箱倒柜找，藏在最深处,说穿我就穿，谁敢说个不,未来几天内，还要降几度,若不穿秋裤，后果请自负,今天就穿吧，撑着多辛苦",640°C,14,2018-12-01,《我要穿秋裤》
"一禅师见一蝎子掉到水里，决心救它。,谁知一碰，蝎子蛰了他手指。,禅师无惧，再次出手，岂知又被蝎子狠狠蛰了一次。,一根手指被蛰得又肿又粗，,禅师不惧蝎蛰，换一指继续，旁有一人忍不住说：它老蜇人，何必救它？,禅师打量着肿大的两根手指自语：这下师太应该满意了。",686°C,28,2018-12-01,一禅师见一蝎子掉到水里，决心救它。
"外甥：妈妈，世上到底有没有鬼呀？,表妹：没有呀。,外甥：那为什么会有鬼这个字呢？,表妹：……",715°C,8,2018-12-01,世上到底有没有鬼呀
"我妈催我们生孩已经到了令人发指的地步！,今天跟媳妇儿为朋友欠钱的事闷闷不乐，我妈就说：“你说你们年轻人烦什么烦啊，到床上散散心不就好了！”",610°C,14,2018-12-01,你说你们年轻人烦什么烦啊，到床上散散心不就好了！
"话说昨晚邻居大哥要出差，临走前邻居大嫂特意给他带了盒TT。,大嫂：拿着！知道你一向不老实，别在外面染上什么毛病回来！,大哥很感动，拿着行李就要走，结果大嫂一声断喝：老娘的意思是,让你用完再走！",786°C,9,2018-12-01,话说昨晚邻居大哥要出差，临走前邻居大嫂特意给他带了盒TT。
"小学三年级的时候，我拿着45分的语文卷子回家找老爸签名。,老爸拿着卷子，生气地质问我：“为什么你只考了45分？”,我的暴脾气也上来了：“废话！那还不是因为老师扣了我55分！”,那次被揍，我在医院躺了3天……",557°C,21,2018-11-30,为什么你只考了45分
"一哥们，搞工程的，有钱，人也不错！,最近结婚了，我去了，大开眼界。,我见过奥迪车队，宝马车队，甚至劳斯莱斯车队，这挖掘机车队还是第一次见。,18辆挖掘机，和他么坦克方队似的，你别说，还真管用，娘家人都没人敢拦门，我估计他们怕我哥们生气，到时候连人带房都抢走了。",621°C,13,2018-11-30,挖掘机车队还是第一次见
"男：今晚我们一起吃饭吧？,女：难道你们男人只会约女人吃饭和看电影吗？,男：嗯......还有一样，不过那是我们男人最高理想.....",562°C,10,2018-11-30,男人最高理想
"苍天在上，我王宝强，我陈羽凡，我贾乃亮在此结为异姓兄弟，从今以后，请叫我们：绿林好汉。,厚土在下，我马蓉，我白百何，我李小璐愿在此结为异姓姐妹，从今以后，请叫我们：精国英雄。,蓉易出轨，宝受委屈，璐出马脚，贾装没事，百年好合，风羽同舟！",1531°C,66,2018-11-29,绿林好汉
"嫂子有一闺蜜叫“小毛”，嫂子让儿子叫她“小毛姨”。,一直叫的挺好，直到有一天，小毛听到嫂子儿子在唱歌：我有一头小毛姨，从来也不骑，有一天我心血来潮骑着去赶集…",664°C,8,2018-11-29,我有一头小毛姨，从来也不骑
"一瘦弱哥们到家后，发现老婆在偷汉子！,哥们气得发抖，但又不敢发作。,只得轻轻退了出来，还顺手把门锁了，然后拨了个电话：“妈，不好了！您闺女把自己锁在房里，说要自杀！”,没过十分钟，丈母娘一家就全来了，整整三车人。,然后，他们砸开了房门……",637°C,23,2018-11-28,妈，不好了！您闺女把自己锁在房里，说要自杀！
"切菜的时候不小心把中指切掉了一块皮，自己找了一块干净的白布条，倒上消炎粉缠在中指上。,上班的时候同事看见了突然来了一句：哎呀晴啊，你挺心疼你男朋友啊，天冷了还给他加了衣服啊。",594°C,14,2018-11-28,你挺心疼你男朋友啊
"老妈来看我，见过我同租的室友后，她说：你俩平常都在一起吗？,我说是的。老妈叫我单独租房，钱不够她出。,我愣了下：妈，你别误会，我跟他是纯粹的哥们，我俩相处挺好的。,老妈说：你天天跟这帅的男的一起，别说有女生看上你，看你的都不会有!",619°C,5,2018-11-28,我跟他是纯粹的哥们，我俩相处挺好的
"有一对情侣，男的非常懦弱，做什么事情之前都让女友先试。女友对此十分不满。一次，两人出海，返航时，飓风将小艇摧毁，幸亏女友抓住了一块木板才保住了两人的性命。女友问男友：你怕吗?男友从怀中掏出一把水果刀，说：怕，但有鲨鱼来，我就用这个对付它。女友只是摇头苦笑。,不久，一艘货轮发现了他们，正当他们欣喜若狂时，一群鲨鱼出现了，女友大叫：我们一起用力游，会没事的!男友却突然用力将女友推进海里，扒着木板朝货轮游去,并喊道：这次我先试!女友惊呆了，望着男友的背影，感到非常绝望。鲨鱼正在靠近，可对女友不感兴趣而径直向男友游去，男友被鲨鱼凶猛地撕咬着，他发疯似地冲女友喊道：我爱你! 女友获救了，甲板上的人都在默哀，船长坐到女友身边说：小姐,他是我见过最勇敢的人。我们为他祈祷!不，他是个胆小鬼。女友冷冷地说。,您怎么这样说呢?刚才我一直用望远镜观察你们，我清楚地看到他把你推开后用刀子割破了自己的手腕。鲨鱼对血腥味很敏感，如果他不这样做来争取时间，恐怕你永远不会出现在这艘船上。什么?女友听到真相如同晴天霹雳，她悲痛欲绝，伤心无比，只想立刻跳进海里和男友死在一起。关键时刻船长拉住了她：如果我是你，一定会好好的活下去，并用挖掘机把这条大海填平，为你的男朋友报仇血恨。女友沉默数秒，冷静的问：学挖掘机哪里最强。船长：中国山东找蓝翔。",1170°C,64,2018-11-23,情侣
"男：媳妇，我回来了。,女：在外资干的好好的，怎回来了？,男：返乡创业。,女：说人话！,男：失业回家。",732°C,22,2018-11-23,返乡创业
"前女友是护士，我打电话给她：帮我瓶安眠药呗。,她：失眠了吧？活该，不帮！,我：不是，我自杀。,她：你在哪？我给你送瓶大的过去。",596°C,20,2018-11-21,帮我瓶安眠药呗
"漂亮的女男科医生魅儿突然闪婚，嫁给了她的一位患者。,科室内的人就问：“这么多人追求你，为什么选了个厨师？懒的做饭么？”,魅儿就说了四个字：“机不可失。”,。。。。。。我考虑下",759°C,16,2018-11-18,机不可失
"儿子：妈妈，我们快要被冻死了，为什么不生火？,母亲：我们没有煤。,儿子：不能买点煤吗？,母亲：我们没有钱。,儿子：爸爸不是在挣钱么？,母亲：爸爸失业了，不能挣钱了。,儿子：爸爸为什么失业？,母亲：因为煤太多了，卖不出去。",686°C,50,2018-11-17,没煤生火
"中午吃饭的时候。,魅儿说：“宿舍仨同事天天晚上斗地主。前天周末晚上斗了一夜，瘾真大。”,我说：“你怎么知道的？”,她说：“我在旁边看来着。。。。。。",866°C,10,2018-11-17,斗地主瘾真大
"我表弟被蚊子咬了，用黄瓜的切片敷。,我看见了，问他：“还有这种操作？”,表弟：“我在网上听人讲，黄瓜能止痒。”,我愣了一下，然后恍然大悟。,表弟，你还是太年轻了！",952°C,28,2018-11-17,黄瓜能止痒
"回老家，去四婆家串门，见她煮了好多红薯，就拿着一个接一个的吃。,四婆见我喜欢吃就说：多吃点，还多呢，反正猪又吃不完。",569°C,8,2018-11-17,多吃点，还多呢，反正猪吃不完。
"晚上老婆刚躺床上，想着跟老婆要点零花钱，于是我说老婆耽误您一分钟时间，商量个事行不？,说完老婆就把裤衩脱了下来………",710°C,18,2018-11-17,一分钟时间
"昨天电焊把眼睛闪啦！一直涩痛流泪。,今天领导来视察，问我防火措施是否完备。,被阳光一照，我还没开口，泪就下来啦！,领导拍拍我的肩膀:“别说了，我都懂！”,今天我收到结算工资的通知。,理由是我连自己都照顾不好，还爱哭！",624°C,13,2018-11-16,别说了，我都懂！
"现在买汽车的人越来越奇葩了，黑色车嫌容易脏，白色嫌将来发黄，红色嫌太艳，米色嫌老土，SUV嫌越野不专业，纯越野的嫌费油避震硬，低配嫌功能少，高配嫌太贵，分期嫌有手续费，说进口的保养贵，国产的质量差，车宽了不好停，车小了说钣金薄……,哎！尼玛！汽车要是会说话，还TM嫌你长得丑呢！",530°C,15,2018-11-16,买汽车
"十年前，我朋友喝了六瓶啤酒后，跟我说，他女朋友跟有钱人跑了。,我安慰他多努力，说不定以后你就是有钱人……,今年，我朋友事业有成。,他昨天喝了一瓶红酒后，又告诉我女朋友跟人跑了。,我：“跟什么人跑的？”,他：“更有钱的人！”",794°C,11,2018-11-15,他女朋友跟有钱人跑了
"跟一个常在健身房碰到的大哥聊天我：大哥，你真有毅力，每天来。,大哥：健身这个东西，谈不上毅力不毅力，关键你得很闲。",529°C,9,2018-11-15,健身这个东西，谈不上毅力不毅力，关键你得很闲。
"眼睛进沙子了，便对老婆说：“帮我吹一下。”,老婆抬头看了看我红肿的眼睛关切的问道：“这么难受？好吧，把窗帘拉上”,我。。。。",792°C,39,2018-11-15,帮我吹一下
"老婆最近在减肥，,半夜里饿了把我叫醒，,我睡眼朦胧的说：要不我下面给你吃？！,老婆盯着我的裆部说了一句让我终生难忘的话：我只吃粗粮！粗粮……",1490°C,14,2018-11-14,要不我下面给你吃
"双十一竟然忘了买口罩……,明明拍的是街景，我以为我拍了一张白纸……,以前盼星星盼月亮，现在盼北风盼大风……,今早一起床，小新的朋友圈就被雾霾刷屏了。",621°C,8,2018-11-14,雾霾太大！标题看…不…见…了…
"闺蜜：留胡子的男人真讨厌。,我：扎你脸了吧，哈哈哈。。。。,闺蜜：扎腿卧槽。,厉害啦，我的姐!",720°C,8,2018-11-12,扎腿卧槽
"那天我在路上捡了1000块钱，当时就站在那大喊了一声：谁掉了1000块钱，被我捡到了。。,结果一下围来一圈人，都说是自己的，然后一哥们当时就跪下了：哥，那是因为儿子看病的钱啊 ，没了那钱我儿子可能就没命啦！,然后旁边就没人说话了，我一看那情况，只好把那张1000的冥币拿给了他。。。。",606°C,8,2018-11-12,谁掉了1000块钱，被我捡到了
"双十一那天小区里从早到晚都不见人影，,小区内仿佛鬼城一般，,门卫老王路过每栋楼听到的都是手敲打键盘的声音。。,老王若有所思的点燃一颗烟，,抬起头看着远方，,仿佛思考着什么，,缓缓的拉下了小区总电闸。,那一夜他为小区挽回了千万损失。",545°C,30,2018-11-12,双十一那天小区里从早到晚都不见人影
"每次住宾馆，我都用随身携带的柠檬水在浴室的镜子上写“我死的好惨”。,干了之后，镜子上什么都没有，但下一个进来入住的人只要一洗澡，这行字就会慢慢显现出来。",676°C,144,2018-11-12,我死的好惨
"大早上群里炸了锅，都在互相转告什么商品打折，或是什么商家在做活动。?,只有我跟一同事没有参与，我忍不住问他：难道双十一你一点东西也没买？,同事灭掉到手里的烟头：我买了一些时间。?,我一时没搞懂，不巧路过的经理接到：呦~我第一次见把买伟哥说得这么清新脱俗的！",530°C,18,2018-11-12,双十一我买了一些时间
"一个男性自杀者的遗书：,几年前，我跟一个寡妇结了婚，她有一个已成年的女儿。,后来我父亲跟我妻子的女儿结了婚。,我女儿就成了我继母，我父亲成了我女婿。,两年后我妻子为我生了个儿子，她是我后母同母异父的弟弟，儿子管我叫爸爸，我管我儿子叫舅舅。,我女儿又为我的父亲生了一个儿子...",1157°C,19,2018-11-12,一个男性自杀者的遗书
"上海：上海自来水来自海上。,北京：香山碧云寺云碧山香。,青岛：青岛绿杨柳杨绿岛青。,内蒙：内蒙连绵山绵连蒙内。,山东：山东落花生花落东山。,山西：山西悬空寺空悬西山。,安徽：黄山落叶松落叶山黄。,湖南：湖南绣花女花绣南湖。,海南：海南护卫舰卫护南海。。。。,扫地大妈：三块五花肉花五块三。,寝室神室友：明天到操场操到天明。,神回复：狗日楼主在主楼日狗。,横批：做爱人人爱做。,小明：“大波美人鱼人美波大。”,老师：“滚犊子。",1138°C,37,2018-11-11,三块五花肉花五块三
"有一个好友，五年前因砍伤人，被判了五年，今年释放出狱！,打开自己五年前买的股票，瞬间变成百万富翁，买了车和房，谈了个女友！,想想自己的五年都干了些嘛？",483°C,11,2018-11-11,打开自己五年前的股票
"给客户打回访电话，打通了半天没人说话，过了好久，一个奶声奶气的小孩子问我:你找谁呀？,我说我找你爸爸，你爸爸在哪呀？,小孩子想了想说:爸爸跪着的啊。,然后又听到那个小孩就奶声奶气的喊：妈妈，妈妈，你等的狐狸精真的打电话来了！",782°C,18,2018-11-11,你找谁啊
"新买个手机，带面部识别解锁屏幕的。,有时候解锁失败告诉我人脸匹配不成功，,这我还能接受，,还有时候说未检测到人脸，,这特么就过分了！",711°C,19,2018-11-10,还有时候说未检测到人脸
"今天10号，明天11号双11，老婆给的最后通牒，购物车必须清空，我汇总算了下，一万多块……,虽然其中儿子和我占了大半近八千……,可是，老婆大人，我每个月工资上交，奖金上交，好不容易藏点私，也没逃过你的火眼金睛，你还要我清空？,……我已经很空了，包括身体！！！",543°C,8,2018-11-10,双11段子
"那天在群里讨论三国人物，,有的说喜欢周瑜，,有的喜欢诸葛亮，,群里的一个美女说:“我爱曹操。”,我说了句:“好巧，我是曹！”,然后，我就被踢啦！",587°C,8,2018-11-10,我爱曹操
"本人小护士一枚，经常夜班，昨晚下班回家，路上没有多少人，半路上包被抢了，当时发呆了三秒，扭头往反方向跑！,有人问我为什么？,哈哈，跟你们说吧：我包里什么都没有，就一包湿巾，一团卫生纸，我怕小偷发现什么也没有，回来揍我！！！！！！",563°C,8,2018-11-10,扭头反方向跑
等我练出腹肌之后，再有小姐姐问路，就掀开上衣，指着肚子说:小姐姐你看，你现在在这个路口，上北下南。你往南走过三个路口，你会看到一片草地上面有一个大电线杆子，你可以坐上去等车。,683°C,24,2018-11-10,小姐姐问路
"车主：老板，你们是做二手车的吗？,老板：嗯，是的，有什么可以帮助你的吗？,车主：我这里有一辆纳智捷要卖。,老板：你刚刚说什么？,车主：我这里有一辆纳智捷要卖。,老板：上一句。,车主：你们是做二手车的吗？,老板：不是。",592°C,12,2018-11-09,你们是做二手车的吗
"高中有一对双胞胎同学，姐妹俩都是172，96 斤，先认识的姐姐，但是完全分不清她俩。,有一次妹妹冒充姐姐约我，日后才发觉不对。",606°C,31,2018-11-09,高中有一对双胞胎同学
"问：双十一都买啥?有优惠券吗？,答：有两张玛莎拉蒂天猫旗舰店满 10000 减 50 的优惠券，要不要发你一张？,MD！这优惠券用不起。",564°C,6,2018-11-09,双十一都买啥?有优惠券吗？
"刚刚我忐忑的走进那个封闭的小屋子，一个美女对我说：“把衣服脱了躺床上，别乱动”。。。。,十分钟后她扔了两张纸巾给我：“自己擦干净，穿好衣服，走吧！”,全程连个笑容都没有，这服务也太差了，以后再也不来这做彩超了。",810°C,18,2018-11-08,把衣服脱了躺床上，别乱动
"都说好女人耐得住寂寞，好男人经得起诱惑。,今天去给车办保险，保险小妹笑的特别甜，看我的眼神很是期待，热情似火。,我融化在她的目光下，我觉得是因为爱情！,不做考虑，全险，立马刷卡！,出门走的时候，往我的手里塞了一张卡片，又给一个我懂得的眼神！,当一个好男人真的好难！我做不到！",733°C,9,2018-11-08,好女人耐得住寂寞，好男人经得起诱惑。
" ,女儿上小学担心禽兽校长，,上初中担心禽兽老师，,上高中担心禽兽同学，,上大学担心禽兽教授，,毕业出去上班了还要防着禽兽领导。 ,至于儿子？你只需保证是亲生的。",764°C,21,2018-11-08,生儿子和生女儿有什么区别
：紧急寻人！孝感男子大学期间找工作失踪一年，恳请网友相助。,569°C,9,2018-11-08,但愿只是进了传销
"小明：老王，你怎么闷闷不乐啊？,老王：我出差半个月，回来老婆出轨了！,小明：你怎么知道的？,老王：我老婆一个人在家，我回家发现马桶圈是掀起来的！,小明：啥？,老王：……",812°C,14,2018-11-08,我出差半个月，回来老婆出轨了！
：伊拉克幼发拉底河上万鲤鱼离奇暴毙，鱼尸塞满河道场面骇人。,606°C,3,2018-11-08,不用化验了，鱼是淹死的。
"女生宿舍卧谈会。,妹子说：“爱情需要距离，距离产生美。”,另一位妹子跟着附和：“对，距离产生美，负3厘米的爱情肯定没有负10厘米的幸福！”,一句“卧槽”声后，话题变成：时间产生美......",744°C,11,2018-11-08,负3厘米的爱情肯定没有负10厘米的幸福
"“美女，我手机没电了，能借用一下你的手机吗？”,美女:“好老的套路，是不是想给自己发信息？”,我：“……”,美女：“然后套出我的号码？”,“……”,美女:“然后追我？最后想和我滚床单？”,我：“这个真没有！”,美女:“那不借！”",743°C,16,2018-11-08,美女，我手机没电了
"同事桌上有好几包跳跳糖，大家都拿来吃。,我问，怎么想起来买这个好玩的东西。,一脸无精打采的同事：昨晚去按摩，看技师包里挺多，就抓了一把。",910°C,10,2018-11-08,跳跳糖
"有一对夫妻，他太太很喜欢看连续剧。,太太：“唉，老公”(她把电视关掉)。“这些年来，你都在我旁边陪着我看连续剧，我知道，你一定是很有耐心在陪伴着我，哎呀，我不应该这么自私，这样好了，我今天不看电视剧了，你要怎么样让我，给我一个机会让我让你开心一下”。,先生：“要开心是吧，你也知道这么多年了，我每天都在陪你看是真得很无聊，你今天终于良心发现了，我看你看这一些古装剧一大堆，臣，启禀皇上，都是这些啊，都是咬文嚼字的对不对，这样好了，我不考你太深”。,太太：“老公，那你要考我什么”。先生：“你去找一句话，这一句话，让我要很开心，又很生气的话”。太太想了想：“对了，你的鸡鸡，是你朋友里面最大的”。",6071°C,14,2018-11-07,费玉清著名黄段子大全
"买家：我怀疑我买的狗不纯。,卖家：怎么可能不纯？,买家：到处咬东西，墙都刨处洞了。,卖家：哈士奇不就这样，不拆家的都不纯！",503°C,6,2018-11-07,我怀疑我买的狗不纯
"《我要穿秋裤》--赵佳霖,我要穿秋裤，冻得扛不住,一场秋雨来，十三四五度,我要穿秋裤，谁也挡不住,翻箱倒柜找，藏在最深处,说穿我就穿，谁敢说个不,未来几天内，还要降几度,若不穿秋裤，后果请自负,今天就穿吧，撑着多辛苦",487°C,8,2018-11-06,我要穿秋裤
"男孩喜欢上了女孩，他向她表白，女孩拒绝了，她说：我整整比你大一岁。,男孩说：我1个月时，你13个月。你是我的13倍。,我2个月时，你14个月。你是我的7倍。,我一岁时，你两岁，你是我的两倍。,只要你愿意和我永远在一起，我们总在慢慢接近。。,多美好的故事，居然被数学老师用来讲极限。",598°C,26,2018-11-06,慢慢接近
"今天中午在街上溜达，过来一妹子搭讪。,妹子：哥，要快餐吗？,我：多少钱？？ ,妹子：素的10块，荤的15。,我；不要，我以前要的荤的都是200的。,妹子蒙逼了。。。",654°C,7,2018-11-06,素的还是荤的
"刚玩吃鸡，不太会玩，看着打枪好玩，就一直开枪，队友语音说我：“你有病吧，我说你有药吗？,他说有医疗包……",619°C,6,2018-11-06,你有药吗
"去景阳冈玩，景区有拍照留恋的项目，女票穿着古装，手拿金莲镜，还真有几分潘金莲的风韵。,我穿着打虎衣服，手拿大棒，各种摆poss，问女票像不像打虎英雄。,她淡淡说了句，像武松他哥。,因为这句话一路不爽，中午吃饭，拿着她递过来的烧饼，和刚盛的汤，我陷入了沉思。",613°C,7,2018-11-06,像武松他哥
"下班回家，在小区里看到一个小女孩特别可爱，就冲她笑了笑，小女孩也挺有礼貌，连忙叫了我一声阿姨，我就对小女孩说：乖！叫姐姐，不要叫阿姨，我有那么老吗？,小女孩想了半天说：如果我叫你姐姐，那不是显的我很老吗？",620°C,23,2018-11-06,叫姐姐
"无意间在床头柜里发现了一个账本，,上面写着:1月5日，，2月3日，，3月6日，，，，，,是媳妇的字迹，我就问她:这里记的只有日期，没有事件，到底是什么啊？,你来大姨妈也不在月初啊？,媳妇冷冷地回答:那不是日期，是统计表。",573°C,11,2018-11-06,统计表
"同事跟我说: 昨天被蚊子叮了好几个包。,我问他: 你咋不拍死那只蚊子？,他说: 我觉得那只蚊子可能是个母蚊子，肚子里有了我的骨肉，我就不忍下手啊！",609°C,11,2018-11-04,肚子里有了我的骨肉
"想约一个女生出来玩。,怎奈她妈脾气暴躁，打电话之前各种酝酿。,本想说，阿姨您好，静静在家么，可以叫她出来玩么？,没想到电话打通了，是她爸爸接的。,结果一紧张说到，叔叔您好，阿姨在家么，我想叫她出来玩玩儿。",540°C,15,2018-11-04,可以叫她出来玩么
"3岁，不尿裤子；,5岁，能自己吃饭；,18岁，能自己开车；,20岁，有女朋友；,30岁，有钱；,40岁，有钱；,50岁，还有钱；,60岁，还有女朋友；,70岁，还能自己开车；,80岁，还能自己吃饭；,90岁，还不尿裤子；,100岁，还没挂在墙上；,300岁，还在墙上挂着。",1132°C,41,2018-11-04,什么是成功男人
"老头骑车不小心撞了停在路边的奥迪Q5，撞完以后骑车要走。,车主下车就骂老头：“你瞎啊！撞完还想跑？”,老头转身淡定地说：“小伙子，你要这么唠嗑，我可就躺下了！”,车主说：“叔，我跟您闹着玩呢！”",523°C,9,2018-11-04,你瞎啊！撞完还想跑？
"老师问：“青蛙和癞蛤蟆有什么区别？”,学生回答：“青蛙思想保守，不思进取，坐井观天，是负能量；而癞蛤蟆思想前卫，想吃天鹅肉有远大目标，是正能量。”",765°C,13,2018-11-04,不想吃天鹅肉的蛤蟆不是好蛤蟆
"一学生上物理课睡觉，被老师看到。,老师：这位睡觉的学生，请问，〈,〉的下联是什么？,这学生这样回答：,这句连苏轼都没答出来，被一个在物理课睡觉的学生答了出来。",805°C,34,2018-11-04,游西湖，提锡壶。锡壶掉西湖，惜乎西湖
"老师告诉学生：“以后写文章，不要自称笔者，因为现在，没有人用笔。”,学生问： “那应该叫什么？”,老师说：“叫键人。”,学生又问：“哦，那些只用鼠标的呢？”,老师说：“叫鼠辈。”,学生再问：“可是，现在大家，都用智能手机了，都是触摸式的，那应该叫什么呢？”,老师说：“叫触生！”",589°C,12,2018-11-04,触生
"中国建设银行（CBC）：""存不存？"",中国银行（BC）：""不存！"",中国农业银行（ABC）：""啊？不存？"",中国工商银行（ICBC）：""爱存不存！"",民生银行（CMSB）：""存嘛，傻B！　"",招行银行（CMBC）：""存嘛，白痴　！"",国家开发银行（CDB）：""存点吧！”,兴业银行（CIB）：""存一百！"",北京市商业银行（BCCB）：""白存，存不？"",汇丰银行（HSBC）：""还是不存！”,邮储银行（PSBC）：怕死别存！,亲，你在哪家存？",976°C,12,2018-11-04,BC CBC ABC ICBC
"晚上跟媳妇吵嘴了，哄了半天还在生气，一怒之下霸王硬上弓。,完事之后，媳妇问，你就只会用这种方式哄人吗？,我说，谁让我这方面能力强呢。,所以，兄弟们再碰见吵嘴这种事一定要学我，看看，两分钟就解决了。",559°C,11,2018-11-03,两分钟就解决了
"我去水果店买水果，旁边一个女人问老板娘：“有什么水果能醒酒的吗？我老公喝高了到现在还在说胡话。”,老板娘：“买点榴莲和橘子！”,那女人：“那怎么吃？”,老板娘：“让他跪在榴莲上吃橘子...”",952°C,13,2018-11-03,跪在榴莲上吃橘子
"17岁时，她看见我的手机：“姐夫，你的手机不错嘛！”于是她姐姐把手机送给她了。,18岁，她又看见我的笔记本：“姐夫，你的笔记本不错嘛！”于是她姐姐把笔记本也送她了。,今年她19岁，成了一个漂亮的大姑娘。她看着我羞涩的说：“姐夫，你这人挺不错的。”,我在等她姐姐发话……",613°C,9,2018-11-03,于是她姐姐把手机送给她了
很久很久以前，两个裁缝来见一个国王，他们自称能做出最漂亮的衣服，但是愚蠢的人看不到它，裁缝给国王穿上问他漂亮不漂亮，国王明明看不到衣服却只能硬说漂亮，第二天，国王宣布，给全国姑娘每人做一套这样的衣服。,1465°C,456,2018-11-03,给全国姑娘每人做一套这样的衣服
"有一次吃饭，我不小心把汤洒到凳子上，老婆没看见就坐上去了，结果把我一顿揍。,后来又有一次吃饭，我又不小心把汤洒到凳子上了，老婆刚想坐上去，我怕她又弄脏裤子，瞬间就把凳子往后一拉.…",537°C,14,2018-11-02,不小心把汤洒到凳子上
"狄仁杰:昨夜家家烟花爆竹，此起彼伏，扰得大人我彻夜未眠。元芳，你怎么看?,李元芳:我趴窗户看!,狄仁杰：苍老师呢？,元芳：用快播看。,央视：元芳，你对幸福怎么看？,元芳：我姓李。",585°C,4,2018-11-01,元芳，你对幸福怎么看？
"穿了件狐狸毛马甲，同事有事没事就来摸摸看。,开始我以为是她喜欢，直到后来她边摸边说：摸着好舒服呀，就感觉就像在摸我家阿拉斯加狗子一样......",569°C,6,2018-10-31,阿拉斯加狗子
"老公晚上出去应酬，喝多了回来。,我生气的吼他：你是谁？来我家干嘛！,老公懵了一下说：对不起，我走错路了！,我………",490°C,9,2018-10-29,对不起，我走错路了！
"一次在飞机上，我遇到一位大妈占了我的座位，我说麻烦您挪一下这是我的座。,她指着自己的座特别横：你坐那去，我和你换。,于是我对她说：你知道吗？如果飞机炸了，我们都烧死了，粘在这座位上了，你家人按照座号来找尸体，把我骨灰带回去供起来，每天对着我磕头，你开心吗？,然后，她一言不发的坐了回去。",581°C,23,2018-10-29,这是我的座
